[
{
    "model": "auth.permission",
    "pk": 1,
    "fields": {
        "name": "Can add log entry",
        "content_type": 1,
        "codename": "add_logentry"
    }
},
{
    "model": "auth.permission",
    "pk": 2,
    "fields": {
        "name": "Can change log entry",
        "content_type": 1,
        "codename": "change_logentry"
    }
},
{
    "model": "auth.permission",
    "pk": 3,
    "fields": {
        "name": "Can delete log entry",
        "content_type": 1,
        "codename": "delete_logentry"
    }
},
{
    "model": "auth.permission",
    "pk": 4,
    "fields": {
        "name": "Can view log entry",
        "content_type": 1,
        "codename": "view_logentry"
    }
},
{
    "model": "auth.permission",
    "pk": 5,
    "fields": {
        "name": "Can add permission",
        "content_type": 3,
        "codename": "add_permission"
    }
},
{
    "model": "auth.permission",
    "pk": 6,
    "fields": {
        "name": "Can change permission",
        "content_type": 3,
        "codename": "change_permission"
    }
},
{
    "model": "auth.permission",
    "pk": 7,
    "fields": {
        "name": "Can delete permission",
        "content_type": 3,
        "codename": "delete_permission"
    }
},
{
    "model": "auth.permission",
    "pk": 8,
    "fields": {
        "name": "Can view permission",
        "content_type": 3,
        "codename": "view_permission"
    }
},
{
    "model": "auth.permission",
    "pk": 9,
    "fields": {
        "name": "Can add group",
        "content_type": 2,
        "codename": "add_group"
    }
},
{
    "model": "auth.permission",
    "pk": 10,
    "fields": {
        "name": "Can change group",
        "content_type": 2,
        "codename": "change_group"
    }
},
{
    "model": "auth.permission",
    "pk": 11,
    "fields": {
        "name": "Can delete group",
        "content_type": 2,
        "codename": "delete_group"
    }
},
{
    "model": "auth.permission",
    "pk": 12,
    "fields": {
        "name": "Can view group",
        "content_type": 2,
        "codename": "view_group"
    }
},
{
    "model": "auth.permission",
    "pk": 13,
    "fields": {
        "name": "Can add user",
        "content_type": 4,
        "codename": "add_user"
    }
},
{
    "model": "auth.permission",
    "pk": 14,
    "fields": {
        "name": "Can change user",
        "content_type": 4,
        "codename": "change_user"
    }
},
{
    "model": "auth.permission",
    "pk": 15,
    "fields": {
        "name": "Can delete user",
        "content_type": 4,
        "codename": "delete_user"
    }
},
{
    "model": "auth.permission",
    "pk": 16,
    "fields": {
        "name": "Can view user",
        "content_type": 4,
        "codename": "view_user"
    }
},
{
    "model": "auth.permission",
    "pk": 17,
    "fields": {
        "name": "Can add content type",
        "content_type": 5,
        "codename": "add_contenttype"
    }
},
{
    "model": "auth.permission",
    "pk": 18,
    "fields": {
        "name": "Can change content type",
        "content_type": 5,
        "codename": "change_contenttype"
    }
},
{
    "model": "auth.permission",
    "pk": 19,
    "fields": {
        "name": "Can delete content type",
        "content_type": 5,
        "codename": "delete_contenttype"
    }
},
{
    "model": "auth.permission",
    "pk": 20,
    "fields": {
        "name": "Can view content type",
        "content_type": 5,
        "codename": "view_contenttype"
    }
},
{
    "model": "auth.permission",
    "pk": 21,
    "fields": {
        "name": "Can add session",
        "content_type": 6,
        "codename": "add_session"
    }
},
{
    "model": "auth.permission",
    "pk": 22,
    "fields": {
        "name": "Can change session",
        "content_type": 6,
        "codename": "change_session"
    }
},
{
    "model": "auth.permission",
    "pk": 23,
    "fields": {
        "name": "Can delete session",
        "content_type": 6,
        "codename": "delete_session"
    }
},
{
    "model": "auth.permission",
    "pk": 24,
    "fields": {
        "name": "Can view session",
        "content_type": 6,
        "codename": "view_session"
    }
},
{
    "model": "auth.permission",
    "pk": 25,
    "fields": {
        "name": "Can add competencia",
        "content_type": 8,
        "codename": "add_competencia"
    }
},
{
    "model": "auth.permission",
    "pk": 26,
    "fields": {
        "name": "Can change competencia",
        "content_type": 8,
        "codename": "change_competencia"
    }
},
{
    "model": "auth.permission",
    "pk": 27,
    "fields": {
        "name": "Can delete competencia",
        "content_type": 8,
        "codename": "delete_competencia"
    }
},
{
    "model": "auth.permission",
    "pk": 28,
    "fields": {
        "name": "Can view competencia",
        "content_type": 8,
        "codename": "view_competencia"
    }
},
{
    "model": "auth.permission",
    "pk": 29,
    "fields": {
        "name": "Can add categoria",
        "content_type": 7,
        "codename": "add_categoria"
    }
},
{
    "model": "auth.permission",
    "pk": 30,
    "fields": {
        "name": "Can change categoria",
        "content_type": 7,
        "codename": "change_categoria"
    }
},
{
    "model": "auth.permission",
    "pk": 31,
    "fields": {
        "name": "Can delete categoria",
        "content_type": 7,
        "codename": "delete_categoria"
    }
},
{
    "model": "auth.permission",
    "pk": 32,
    "fields": {
        "name": "Can view categoria",
        "content_type": 7,
        "codename": "view_categoria"
    }
},
{
    "model": "auth.permission",
    "pk": 33,
    "fields": {
        "name": "Can add conta",
        "content_type": 9,
        "codename": "add_conta"
    }
},
{
    "model": "auth.permission",
    "pk": 34,
    "fields": {
        "name": "Can change conta",
        "content_type": 9,
        "codename": "change_conta"
    }
},
{
    "model": "auth.permission",
    "pk": 35,
    "fields": {
        "name": "Can delete conta",
        "content_type": 9,
        "codename": "delete_conta"
    }
},
{
    "model": "auth.permission",
    "pk": 36,
    "fields": {
        "name": "Can view conta",
        "content_type": 9,
        "codename": "view_conta"
    }
},
{
    "model": "auth.permission",
    "pk": 37,
    "fields": {
        "name": "Can add parcelamento",
        "content_type": 11,
        "codename": "add_parcelamento"
    }
},
{
    "model": "auth.permission",
    "pk": 38,
    "fields": {
        "name": "Can change parcelamento",
        "content_type": 11,
        "codename": "change_parcelamento"
    }
},
{
    "model": "auth.permission",
    "pk": 39,
    "fields": {
        "name": "Can delete parcelamento",
        "content_type": 11,
        "codename": "delete_parcelamento"
    }
},
{
    "model": "auth.permission",
    "pk": 40,
    "fields": {
        "name": "Can view parcelamento",
        "content_type": 11,
        "codename": "view_parcelamento"
    }
},
{
    "model": "auth.permission",
    "pk": 41,
    "fields": {
        "name": "Can add lancamento",
        "content_type": 10,
        "codename": "add_lancamento"
    }
},
{
    "model": "auth.permission",
    "pk": 42,
    "fields": {
        "name": "Can change lancamento",
        "content_type": 10,
        "codename": "change_lancamento"
    }
},
{
    "model": "auth.permission",
    "pk": 43,
    "fields": {
        "name": "Can delete lancamento",
        "content_type": 10,
        "codename": "delete_lancamento"
    }
},
{
    "model": "auth.permission",
    "pk": 44,
    "fields": {
        "name": "Can view lancamento",
        "content_type": 10,
        "codename": "view_lancamento"
    }
},
{
    "model": "auth.permission",
    "pk": 45,
    "fields": {
        "name": "Can add agente pagador",
        "content_type": 12,
        "codename": "add_agentepagador"
    }
},
{
    "model": "auth.permission",
    "pk": 46,
    "fields": {
        "name": "Can change agente pagador",
        "content_type": 12,
        "codename": "change_agentepagador"
    }
},
{
    "model": "auth.permission",
    "pk": 47,
    "fields": {
        "name": "Can delete agente pagador",
        "content_type": 12,
        "codename": "delete_agentepagador"
    }
},
{
    "model": "auth.permission",
    "pk": 48,
    "fields": {
        "name": "Can view agente pagador",
        "content_type": 12,
        "codename": "view_agentepagador"
    }
},
{
    "model": "auth.permission",
    "pk": 49,
    "fields": {
        "name": "Can add Regra de Importação",
        "content_type": 17,
        "codename": "add_regraimportacao"
    }
},
{
    "model": "auth.permission",
    "pk": 50,
    "fields": {
        "name": "Can change Regra de Importação",
        "content_type": 17,
        "codename": "change_regraimportacao"
    }
},
{
    "model": "auth.permission",
    "pk": 51,
    "fields": {
        "name": "Can delete Regra de Importação",
        "content_type": 17,
        "codename": "delete_regraimportacao"
    }
},
{
    "model": "auth.permission",
    "pk": 52,
    "fields": {
        "name": "Can view Regra de Importação",
        "content_type": 17,
        "codename": "view_regraimportacao"
    }
},
{
    "model": "auth.permission",
    "pk": 53,
    "fields": {
        "name": "Can add ofx arquivo",
        "content_type": 15,
        "codename": "add_ofxarquivo"
    }
},
{
    "model": "auth.permission",
    "pk": 54,
    "fields": {
        "name": "Can change ofx arquivo",
        "content_type": 15,
        "codename": "change_ofxarquivo"
    }
},
{
    "model": "auth.permission",
    "pk": 55,
    "fields": {
        "name": "Can delete ofx arquivo",
        "content_type": 15,
        "codename": "delete_ofxarquivo"
    }
},
{
    "model": "auth.permission",
    "pk": 56,
    "fields": {
        "name": "Can view ofx arquivo",
        "content_type": 15,
        "codename": "view_ofxarquivo"
    }
},
{
    "model": "auth.permission",
    "pk": 57,
    "fields": {
        "name": "Can add ofx transacao",
        "content_type": 16,
        "codename": "add_ofxtransacao"
    }
},
{
    "model": "auth.permission",
    "pk": 58,
    "fields": {
        "name": "Can change ofx transacao",
        "content_type": 16,
        "codename": "change_ofxtransacao"
    }
},
{
    "model": "auth.permission",
    "pk": 59,
    "fields": {
        "name": "Can delete ofx transacao",
        "content_type": 16,
        "codename": "delete_ofxtransacao"
    }
},
{
    "model": "auth.permission",
    "pk": 60,
    "fields": {
        "name": "Can view ofx transacao",
        "content_type": 16,
        "codename": "view_ofxtransacao"
    }
},
{
    "model": "auth.permission",
    "pk": 61,
    "fields": {
        "name": "Can add conta bancaria",
        "content_type": 14,
        "codename": "add_contabancaria"
    }
},
{
    "model": "auth.permission",
    "pk": 62,
    "fields": {
        "name": "Can change conta bancaria",
        "content_type": 14,
        "codename": "change_contabancaria"
    }
},
{
    "model": "auth.permission",
    "pk": 63,
    "fields": {
        "name": "Can delete conta bancaria",
        "content_type": 14,
        "codename": "delete_contabancaria"
    }
},
{
    "model": "auth.permission",
    "pk": 64,
    "fields": {
        "name": "Can view conta bancaria",
        "content_type": 14,
        "codename": "view_contabancaria"
    }
},
{
    "model": "auth.permission",
    "pk": 65,
    "fields": {
        "name": "Can add chave pix",
        "content_type": 13,
        "codename": "add_chavepix"
    }
},
{
    "model": "auth.permission",
    "pk": 66,
    "fields": {
        "name": "Can change chave pix",
        "content_type": 13,
        "codename": "change_chavepix"
    }
},
{
    "model": "auth.permission",
    "pk": 67,
    "fields": {
        "name": "Can delete chave pix",
        "content_type": 13,
        "codename": "delete_chavepix"
    }
},
{
    "model": "auth.permission",
    "pk": 68,
    "fields": {
        "name": "Can view chave pix",
        "content_type": 13,
        "codename": "view_chavepix"
    }
},
{
    "model": "auth.permission",
    "pk": 69,
    "fields": {
        "name": "Can add Produto e Garantia",
        "content_type": 18,
        "codename": "add_produtogarantia"
    }
},
{
    "model": "auth.permission",
    "pk": 70,
    "fields": {
        "name": "Can change Produto e Garantia",
        "content_type": 18,
        "codename": "change_produtogarantia"
    }
},
{
    "model": "auth.permission",
    "pk": 71,
    "fields": {
        "name": "Can delete Produto e Garantia",
        "content_type": 18,
        "codename": "delete_produtogarantia"
    }
},
{
    "model": "auth.permission",
    "pk": 72,
    "fields": {
        "name": "Can view Produto e Garantia",
        "content_type": 18,
        "codename": "view_produtogarantia"
    }
},
{
    "model": "contenttypes.contenttype",
    "pk": 1,
    "fields": {
        "app_label": "admin",
        "model": "logentry"
    }
},
{
    "model": "contenttypes.contenttype",
    "pk": 2,
    "fields": {
        "app_label": "auth",
        "model": "group"
    }
},
{
    "model": "contenttypes.contenttype",
    "pk": 3,
    "fields": {
        "app_label": "auth",
        "model": "permission"
    }
},
{
    "model": "contenttypes.contenttype",
    "pk": 4,
    "fields": {
        "app_label": "auth",
        "model": "user"
    }
},
{
    "model": "contenttypes.contenttype",
    "pk": 5,
    "fields": {
        "app_label": "contenttypes",
        "model": "contenttype"
    }
},
{
    "model": "contenttypes.contenttype",
    "pk": 6,
    "fields": {
        "app_label": "sessions",
        "model": "session"
    }
},
{
    "model": "contenttypes.contenttype",
    "pk": 7,
    "fields": {
        "app_label": "core",
        "model": "categoria"
    }
},
{
    "model": "contenttypes.contenttype",
    "pk": 8,
    "fields": {
        "app_label": "core",
        "model": "competencia"
    }
},
{
    "model": "contenttypes.contenttype",
    "pk": 9,
    "fields": {
        "app_label": "core",
        "model": "conta"
    }
},
{
    "model": "contenttypes.contenttype",
    "pk": 10,
    "fields": {
        "app_label": "core",
        "model": "lancamento"
    }
},
{
    "model": "contenttypes.contenttype",
    "pk": 11,
    "fields": {
        "app_label": "core",
        "model": "parcelamento"
    }
},
{
    "model": "contenttypes.contenttype",
    "pk": 12,
    "fields": {
        "app_label": "core",
        "model": "agentepagador"
    }
},
{
    "model": "contenttypes.contenttype",
    "pk": 13,
    "fields": {
        "app_label": "core",
        "model": "chavepix"
    }
},
{
    "model": "contenttypes.contenttype",
    "pk": 14,
    "fields": {
        "app_label": "core",
        "model": "contabancaria"
    }
},
{
    "model": "contenttypes.contenttype",
    "pk": 15,
    "fields": {
        "app_label": "core",
        "model": "ofxarquivo"
    }
},
{
    "model": "contenttypes.contenttype",
    "pk": 16,
    "fields": {
        "app_label": "core",
        "model": "ofxtransacao"
    }
},
{
    "model": "contenttypes.contenttype",
    "pk": 17,
    "fields": {
        "app_label": "core",
        "model": "regraimportacao"
    }
},
{
    "model": "contenttypes.contenttype",
    "pk": 18,
    "fields": {
        "app_label": "core",
        "model": "produtogarantia"
    }
},
{
    "model": "core.competencia",
    "pk": 1,
    "fields": {
        "mes": 5,
        "ano": 2026,
        "status": "aberto"
    }
},
{
    "model": "core.competencia",
    "pk": 2,
    "fields": {
        "mes": 1,
        "ano": 2025,
        "status": "fechado"
    }
},
{
    "model": "core.competencia",
    "pk": 3,
    "fields": {
        "mes": 2,
        "ano": 2025,
        "status": "fechado"
    }
},
{
    "model": "core.competencia",
    "pk": 4,
    "fields": {
        "mes": 3,
        "ano": 2025,
        "status": "fechado"
    }
},
{
    "model": "core.competencia",
    "pk": 5,
    "fields": {
        "mes": 4,
        "ano": 2025,
        "status": "fechado"
    }
},
{
    "model": "core.competencia",
    "pk": 6,
    "fields": {
        "mes": 5,
        "ano": 2025,
        "status": "fechado"
    }
},
{
    "model": "core.competencia",
    "pk": 7,
    "fields": {
        "mes": 6,
        "ano": 2025,
        "status": "fechado"
    }
},
{
    "model": "core.competencia",
    "pk": 8,
    "fields": {
        "mes": 7,
        "ano": 2025,
        "status": "fechado"
    }
},
{
    "model": "core.competencia",
    "pk": 9,
    "fields": {
        "mes": 8,
        "ano": 2025,
        "status": "fechado"
    }
},
{
    "model": "core.competencia",
    "pk": 10,
    "fields": {
        "mes": 9,
        "ano": 2025,
        "status": "fechado"
    }
},
{
    "model": "core.competencia",
    "pk": 11,
    "fields": {
        "mes": 10,
        "ano": 2025,
        "status": "fechado"
    }
},
{
    "model": "core.competencia",
    "pk": 12,
    "fields": {
        "mes": 11,
        "ano": 2025,
        "status": "fechado"
    }
},
{
    "model": "core.competencia",
    "pk": 13,
    "fields": {
        "mes": 12,
        "ano": 2025,
        "status": "fechado"
    }
},
{
    "model": "core.competencia",
    "pk": 14,
    "fields": {
        "mes": 1,
        "ano": 2026,
        "status": "fechado"
    }
},
{
    "model": "core.competencia",
    "pk": 15,
    "fields": {
        "mes": 2,
        "ano": 2026,
        "status": "fechado"
    }
},
{
    "model": "core.competencia",
    "pk": 16,
    "fields": {
        "mes": 3,
        "ano": 2026,
        "status": "fechado"
    }
},
{
    "model": "core.competencia",
    "pk": 17,
    "fields": {
        "mes": 4,
        "ano": 2026,
        "status": "fechado"
    }
},
{
    "model": "core.categoria",
    "pk": 1,
    "fields": {
        "nome": "Moradia",
        "tipo": "saida",
        "is_salary": false
    }
},
{
    "model": "core.categoria",
    "pk": 2,
    "fields": {
        "nome": "Alimentação",
        "tipo": "saida",
        "is_salary": false
    }
},
{
    "model": "core.categoria",
    "pk": 3,
    "fields": {
        "nome": "Lazer",
        "tipo": "saida",
        "is_salary": false
    }
},
{
    "model": "core.categoria",
    "pk": 4,
    "fields": {
        "nome": "Transporte",
        "tipo": "saida",
        "is_salary": false
    }
},
{
    "model": "core.categoria",
    "pk": 5,
    "fields": {
        "nome": "Saúde",
        "tipo": "saida",
        "is_salary": false
    }
},
{
    "model": "core.categoria",
    "pk": 6,
    "fields": {
        "nome": "Educação",
        "tipo": "saida",
        "is_salary": false
    }
},
{
    "model": "core.categoria",
    "pk": 7,
    "fields": {
        "nome": "Outros",
        "tipo": "saida",
        "is_salary": false
    }
},
{
    "model": "core.categoria",
    "pk": 8,
    "fields": {
        "nome": "Legado",
        "tipo": "saida",
        "is_salary": false
    }
},
{
    "model": "core.categoria",
    "pk": 9,
    "fields": {
        "nome": "Contas Mensais",
        "tipo": "saida",
        "is_salary": false
    }
},
{
    "model": "core.categoria",
    "pk": 10,
    "fields": {
        "nome": "Cartao Credito",
        "tipo": "saida",
        "is_salary": false
    }
},
{
    "model": "core.categoria",
    "pk": 11,
    "fields": {
        "nome": "Gastos Diários",
        "tipo": "saida",
        "is_salary": false
    }
},
{
    "model": "core.categoria",
    "pk": 12,
    "fields": {
        "nome": "Gastos Trabalho",
        "tipo": "saida",
        "is_salary": false
    }
},
{
    "model": "core.categoria",
    "pk": 13,
    "fields": {
        "nome": "Salário",
        "tipo": "entrada",
        "is_salary": true
    }
},
{
    "model": "core.categoria",
    "pk": 14,
    "fields": {
        "nome": "BENS/IMOVEIS",
        "tipo": "entrada",
        "is_salary": false
    }
},
{
    "model": "core.categoria",
    "pk": 15,
    "fields": {
        "nome": "VENDAS",
        "tipo": "entrada",
        "is_salary": false
    }
},
{
    "model": "core.categoria",
    "pk": 16,
    "fields": {
        "nome": "Pessoal",
        "tipo": "saida",
        "is_salary": false
    }
},
{
    "model": "core.categoria",
    "pk": 17,
    "fields": {
        "nome": "DELIVERY",
        "tipo": "saida",
        "is_salary": false
    }
},
{
    "model": "core.categoria",
    "pk": 18,
    "fields": {
        "nome": "INVESTIMENTOS",
        "tipo": "entrada",
        "is_salary": false
    }
},
{
    "model": "core.conta",
    "pk": 1,
    "fields": {
        "nome": "Celular",
        "categoria": 9,
        "tipo": "esporadica",
        "valor_padrao": "0.00",
        "dia_vencimento": 1,
        "observacoes": null,
        "legacy_id": null
    }
},
{
    "model": "core.conta",
    "pk": 2,
    "fields": {
        "nome": "Condominio",
        "categoria": 1,
        "tipo": "esporadica",
        "valor_padrao": "0.00",
        "dia_vencimento": 1,
        "observacoes": null,
        "legacy_id": null
    }
},
{
    "model": "core.conta",
    "pk": 3,
    "fields": {
        "nome": "Gaz",
        "categoria": 1,
        "tipo": "esporadica",
        "valor_padrao": "0.00",
        "dia_vencimento": 1,
        "observacoes": null,
        "legacy_id": null
    }
},
{
    "model": "core.conta",
    "pk": 4,
    "fields": {
        "nome": "Energia",
        "categoria": 1,
        "tipo": "esporadica",
        "valor_padrao": "0.00",
        "dia_vencimento": 1,
        "observacoes": null,
        "legacy_id": null
    }
},
{
    "model": "core.conta",
    "pk": 5,
    "fields": {
        "nome": "Internet",
        "categoria": 9,
        "tipo": "esporadica",
        "valor_padrao": "0.00",
        "dia_vencimento": 1,
        "observacoes": null,
        "legacy_id": null
    }
},
{
    "model": "core.conta",
    "pk": 6,
    "fields": {
        "nome": "iptv",
        "categoria": 9,
        "tipo": "fixa",
        "valor_padrao": "0.00",
        "dia_vencimento": 1,
        "observacoes": null,
        "legacy_id": null
    }
},
{
    "model": "core.conta",
    "pk": 7,
    "fields": {
        "nome": "ipva - Sandeiro",
        "categoria": 4,
        "tipo": "esporadica",
        "valor_padrao": "0.00",
        "dia_vencimento": 1,
        "observacoes": null,
        "legacy_id": null
    }
},
{
    "model": "core.conta",
    "pk": 8,
    "fields": {
        "nome": "Cartão Nu Bank",
        "categoria": 10,
        "tipo": "esporadica",
        "valor_padrao": "0.00",
        "dia_vencimento": 1,
        "observacoes": null,
        "legacy_id": null
    }
},
{
    "model": "core.conta",
    "pk": 9,
    "fields": {
        "nome": "harley - emprestimo",
        "categoria": 4,
        "tipo": "esporadica",
        "valor_padrao": "0.00",
        "dia_vencimento": 1,
        "observacoes": null,
        "legacy_id": null
    }
},
{
    "model": "core.conta",
    "pk": 10,
    "fields": {
        "nome": "iptu",
        "categoria": 1,
        "tipo": "esporadica",
        "valor_padrao": "0.00",
        "dia_vencimento": 1,
        "observacoes": null,
        "legacy_id": null
    }
},
{
    "model": "core.conta",
    "pk": 11,
    "fields": {
        "nome": "Celular",
        "categoria": 9,
        "tipo": "fixa",
        "valor_padrao": "0.00",
        "dia_vencimento": 17,
        "observacoes": null,
        "legacy_id": 53
    }
},
{
    "model": "core.conta",
    "pk": 12,
    "fields": {
        "nome": "Cartão Nu Bank",
        "categoria": 10,
        "tipo": "fixa",
        "valor_padrao": "0.00",
        "dia_vencimento": 15,
        "observacoes": null,
        "legacy_id": 55
    }
},
{
    "model": "core.conta",
    "pk": 13,
    "fields": {
        "nome": "Internet",
        "categoria": 9,
        "tipo": "fixa",
        "valor_padrao": "0.00",
        "dia_vencimento": 17,
        "observacoes": null,
        "legacy_id": 54
    }
},
{
    "model": "core.conta",
    "pk": 14,
    "fields": {
        "nome": "Energia",
        "categoria": 1,
        "tipo": "fixa",
        "valor_padrao": "0.00",
        "dia_vencimento": 26,
        "observacoes": null,
        "legacy_id": 56
    }
},
{
    "model": "core.conta",
    "pk": 15,
    "fields": {
        "nome": "Gaz",
        "categoria": 1,
        "tipo": "fixa",
        "valor_padrao": "0.00",
        "dia_vencimento": 5,
        "observacoes": null,
        "legacy_id": 57
    }
},
{
    "model": "core.conta",
    "pk": 16,
    "fields": {
        "nome": "Condominio",
        "categoria": 1,
        "tipo": "fixa",
        "valor_padrao": "0.00",
        "dia_vencimento": 15,
        "observacoes": null,
        "legacy_id": 58
    }
},
{
    "model": "core.conta",
    "pk": 17,
    "fields": {
        "nome": "Manutenção moto (Harley)",
        "categoria": 4,
        "tipo": "esporadica",
        "valor_padrao": "0.00",
        "dia_vencimento": 1,
        "observacoes": null,
        "legacy_id": 63
    }
},
{
    "model": "core.conta",
    "pk": 18,
    "fields": {
        "nome": "Manutenção moto (Mirage)",
        "categoria": 4,
        "tipo": "esporadica",
        "valor_padrao": "0.00",
        "dia_vencimento": 1,
        "observacoes": null,
        "legacy_id": 62
    }
},
{
    "model": "core.conta",
    "pk": 19,
    "fields": {
        "nome": "harley - emprestimo",
        "categoria": 4,
        "tipo": "esporadica",
        "valor_padrao": "0.00",
        "dia_vencimento": 10,
        "observacoes": null,
        "legacy_id": 64
    }
},
{
    "model": "core.conta",
    "pk": 20,
    "fields": {
        "nome": "gastos harley",
        "categoria": 4,
        "tipo": "esporadica",
        "valor_padrao": "0.00",
        "dia_vencimento": 1,
        "observacoes": null,
        "legacy_id": null
    }
},
{
    "model": "core.conta",
    "pk": 21,
    "fields": {
        "nome": "Seguro - Sandeiro - Azul",
        "categoria": 4,
        "tipo": "esporadica",
        "valor_padrao": "0.00",
        "dia_vencimento": 1,
        "observacoes": null,
        "legacy_id": null
    }
},
{
    "model": "core.conta",
    "pk": 22,
    "fields": {
        "nome": "compra mensal",
        "categoria": 2,
        "tipo": "esporadica",
        "valor_padrao": "0.00",
        "dia_vencimento": 1,
        "observacoes": null,
        "legacy_id": null
    }
},
{
    "model": "core.conta",
    "pk": 23,
    "fields": {
        "nome": "Gasolina - Moto (Harley)",
        "categoria": 4,
        "tipo": "esporadica",
        "valor_padrao": "0.00",
        "dia_vencimento": 1,
        "observacoes": null,
        "legacy_id": null
    }
},
{
    "model": "core.conta",
    "pk": 24,
    "fields": {
        "nome": "gastos sandero",
        "categoria": 4,
        "tipo": "esporadica",
        "valor_padrao": "0.00",
        "dia_vencimento": 1,
        "observacoes": null,
        "legacy_id": null
    }
},
{
    "model": "core.conta",
    "pk": 25,
    "fields": {
        "nome": "viagem",
        "categoria": 3,
        "tipo": "esporadica",
        "valor_padrao": "0.00",
        "dia_vencimento": 1,
        "observacoes": null,
        "legacy_id": null
    }
},
{
    "model": "core.conta",
    "pk": 26,
    "fields": {
        "nome": "pscologa elisa",
        "categoria": 5,
        "tipo": "esporadica",
        "valor_padrao": "0.00",
        "dia_vencimento": 1,
        "observacoes": null,
        "legacy_id": null
    }
},
{
    "model": "core.conta",
    "pk": 27,
    "fields": {
        "nome": "iptu 2026",
        "categoria": 1,
        "tipo": "esporadica",
        "valor_padrao": "0.00",
        "dia_vencimento": 1,
        "observacoes": null,
        "legacy_id": null
    }
},
{
    "model": "core.conta",
    "pk": 28,
    "fields": {
        "nome": "Almoço Riacho",
        "categoria": 3,
        "tipo": "esporadica",
        "valor_padrao": "390.00",
        "dia_vencimento": 1,
        "observacoes": null,
        "legacy_id": null
    }
},
{
    "model": "core.conta",
    "pk": 29,
    "fields": {
        "nome": "Gastos Diários",
        "categoria": 11,
        "tipo": "esporadica",
        "valor_padrao": "0.00",
        "dia_vencimento": 1,
        "observacoes": null,
        "legacy_id": null
    }
},
{
    "model": "core.conta",
    "pk": 30,
    "fields": {
        "nome": "Lazer",
        "categoria": 3,
        "tipo": "esporadica",
        "valor_padrao": "0.00",
        "dia_vencimento": 1,
        "observacoes": null,
        "legacy_id": null
    }
},
{
    "model": "core.conta",
    "pk": 31,
    "fields": {
        "nome": "Alimentação",
        "categoria": 1,
        "tipo": "esporadica",
        "valor_padrao": "0.00",
        "dia_vencimento": 1,
        "observacoes": null,
        "legacy_id": null
    }
},
{
    "model": "core.conta",
    "pk": 32,
    "fields": {
        "nome": "Saúde \\ Farmacia",
        "categoria": 5,
        "tipo": "esporadica",
        "valor_padrao": "0.00",
        "dia_vencimento": 1,
        "observacoes": null,
        "legacy_id": null
    }
},
{
    "model": "core.conta",
    "pk": 33,
    "fields": {
        "nome": "Salário",
        "categoria": 13,
        "tipo": "esporadica",
        "valor_padrao": "0.00",
        "dia_vencimento": 1,
        "observacoes": null,
        "legacy_id": null
    }
},
{
    "model": "core.conta",
    "pk": 34,
    "fields": {
        "nome": "Pessoal",
        "categoria": 16,
        "tipo": "esporadica",
        "valor_padrao": "0.00",
        "dia_vencimento": 1,
        "observacoes": null,
        "legacy_id": null
    }
},
{
    "model": "core.conta",
    "pk": 35,
    "fields": {
        "nome": "Alimentação / Transporte / Outros (TRABALHO))",
        "categoria": 12,
        "tipo": "esporadica",
        "valor_padrao": "0.00",
        "dia_vencimento": 1,
        "observacoes": null,
        "legacy_id": null
    }
},
{
    "model": "core.conta",
    "pk": 36,
    "fields": {
        "nome": "HB20 / COMPRA / DESPESAS / TAXAS",
        "categoria": 4,
        "tipo": "esporadica",
        "valor_padrao": "0.00",
        "dia_vencimento": 1,
        "observacoes": null,
        "legacy_id": null
    }
},
{
    "model": "core.conta",
    "pk": 37,
    "fields": {
        "nome": "DELIVERY",
        "categoria": 17,
        "tipo": "esporadica",
        "valor_padrao": "0.00",
        "dia_vencimento": 1,
        "observacoes": null,
        "legacy_id": null
    }
},
{
    "model": "core.conta",
    "pk": 38,
    "fields": {
        "nome": "PATCHS",
        "categoria": 16,
        "tipo": "esporadica",
        "valor_padrao": "0.00",
        "dia_vencimento": 1,
        "observacoes": null,
        "legacy_id": null
    }
},
{
    "model": "core.conta",
    "pk": 39,
    "fields": {
        "nome": "Venda Bens",
        "categoria": 14,
        "tipo": "esporadica",
        "valor_padrao": "0.00",
        "dia_vencimento": 1,
        "observacoes": null,
        "legacy_id": null
    }
},
{
    "model": "core.conta",
    "pk": 40,
    "fields": {
        "nome": "Manutenção Harley",
        "categoria": 4,
        "tipo": "esporadica",
        "valor_padrao": "0.00",
        "dia_vencimento": 1,
        "observacoes": null,
        "legacy_id": null
    }
},
{
    "model": "core.conta",
    "pk": 41,
    "fields": {
        "nome": "Manutenção HB20",
        "categoria": 4,
        "tipo": "esporadica",
        "valor_padrao": "0.00",
        "dia_vencimento": 1,
        "observacoes": null,
        "legacy_id": null
    }
},
{
    "model": "core.conta",
    "pk": 42,
    "fields": {
        "nome": "Manutenção Mirage",
        "categoria": 4,
        "tipo": "esporadica",
        "valor_padrao": "0.00",
        "dia_vencimento": 1,
        "observacoes": null,
        "legacy_id": null
    }
},
{
    "model": "core.conta",
    "pk": 43,
    "fields": {
        "nome": "Viagem Serra do Rastro",
        "categoria": 3,
        "tipo": "esporadica",
        "valor_padrao": "0.00",
        "dia_vencimento": 1,
        "observacoes": null,
        "legacy_id": null
    }
},
{
    "model": "core.conta",
    "pk": 44,
    "fields": {
        "nome": "GATO  / PEIXE / PETS",
        "categoria": 7,
        "tipo": "esporadica",
        "valor_padrao": "0.00",
        "dia_vencimento": 1,
        "observacoes": null,
        "legacy_id": null
    }
},
{
    "model": "core.conta",
    "pk": 45,
    "fields": {
        "nome": "INVESTIMENTOS / RESGATE",
        "categoria": 18,
        "tipo": "esporadica",
        "valor_padrao": "0.00",
        "dia_vencimento": 1,
        "observacoes": null,
        "legacy_id": null
    }
},
{
    "model": "core.conta",
    "pk": 46,
    "fields": {
        "nome": "HB20",
        "categoria": 4,
        "tipo": "esporadica",
        "valor_padrao": "0.00",
        "dia_vencimento": 1,
        "observacoes": null,
        "legacy_id": null
    }
},
{
    "model": "core.parcelamento",
    "pk": 1,
    "fields": {
        "nome": "harley - emprestimo",
        "categoria": 8,
        "valor_total": "22000.00",
        "valor_parcela": "1000.00",
        "valor_entrada": "0.00",
        "valor_parcela_final": "0.00",
        "total_parcelas": 22,
        "parcelas_pagas": 12,
        "data_inicio": "2025-06-11",
        "status": "ativo",
        "observacao": null,
        "boleto": "",
        "legacy_id": 64,
        "lancamento_entrada": null,
        "lancamento_parcela_final": null,
        "lancamentos_extras": []
    }
},
{
    "model": "core.parcelamento",
    "pk": 2,
    "fields": {
        "nome": "iptu",
        "categoria": 8,
        "valor_total": "1452.48",
        "valor_parcela": "121.04",
        "valor_entrada": "0.00",
        "valor_parcela_final": "0.00",
        "total_parcelas": 12,
        "parcelas_pagas": 9,
        "data_inicio": "2025-06-11",
        "status": "ativo",
        "observacao": null,
        "boleto": "",
        "legacy_id": 65,
        "lancamento_entrada": null,
        "lancamento_parcela_final": null,
        "lancamentos_extras": []
    }
},
{
    "model": "core.parcelamento",
    "pk": 3,
    "fields": {
        "nome": "iptu 2026",
        "categoria": 8,
        "valor_total": "1520.52",
        "valor_parcela": "126.71",
        "valor_entrada": "0.00",
        "valor_parcela_final": "0.00",
        "total_parcelas": 12,
        "parcelas_pagas": 4,
        "data_inicio": "2026-01-15",
        "status": "ativo",
        "observacao": null,
        "boleto": "",
        "legacy_id": 75,
        "lancamento_entrada": null,
        "lancamento_parcela_final": null,
        "lancamentos_extras": []
    }
},
{
    "model": "core.parcelamento",
    "pk": 4,
    "fields": {
        "nome": "HB20",
        "categoria": 4,
        "valor_total": "98318.40",
        "valor_parcela": "2048.30",
        "valor_entrada": "34000.00",
        "valor_parcela_final": "36000.00",
        "total_parcelas": 48,
        "parcelas_pagas": 0,
        "data_inicio": "2026-05-09",
        "status": "ativo",
        "observacao": "Entrada de 34k\r\n48x 2048,30\r\n1 x 36k\r\n-----------------\r\nSenha para abrir boletto:  311",
        "boleto": "parcelamentos/boletos/hb20_boleto.pdf",
        "legacy_id": null,
        "lancamento_entrada": 170,
        "lancamento_parcela_final": null,
        "lancamentos_extras": [
            179
        ]
    }
},
{
    "model": "core.agentepagador",
    "pk": 1,
    "fields": {
        "nome": "Meyre",
        "salario": "0.00",
        "info_bancaria": ""
    }
},
{
    "model": "core.agentepagador",
    "pk": 2,
    "fields": {
        "nome": "Alessandro",
        "salario": "0.00",
        "info_bancaria": ""
    }
},
{
    "model": "core.contabancaria",
    "pk": 1,
    "fields": {
        "agente": 2,
        "banco": "Bradesco",
        "agencia": "0156",
        "conta": "05712645",
        "tipo": "corrente",
        "considerar_como_salario": true
    }
},
{
    "model": "core.contabancaria",
    "pk": 2,
    "fields": {
        "agente": 2,
        "banco": "Nubank",
        "agencia": "0001",
        "conta": "51781355",
        "tipo": "corrente",
        "considerar_como_salario": false
    }
},
{
    "model": "core.chavepix",
    "pk": 1,
    "fields": {
        "conta_bancaria": 1,
        "tipo": "cpf",
        "chave": "31188720805"
    }
},
{
    "model": "core.chavepix",
    "pk": 2,
    "fields": {
        "conta_bancaria": 1,
        "tipo": "aleatoria",
        "chave": " ae9b42f8-2277-40de-ac8a-36e834341797"
    }
},
{
    "model": "core.chavepix",
    "pk": 3,
    "fields": {
        "conta_bancaria": 2,
        "tipo": "telefone",
        "chave": "11983598113"
    }
},
{
    "model": "core.chavepix",
    "pk": 4,
    "fields": {
        "conta_bancaria": 2,
        "tipo": "email",
        "chave": "ale.leleco@gmail.com"
    }
},
{
    "model": "core.lancamento",
    "pk": 1,
    "fields": {
        "competencia": 2,
        "conta": 1,
        "descricao": null,
        "valor_previsto": "169.90",
        "valor_pago": "169.90",
        "vencimento": "2025-01-16",
        "data_pagamento": "2025-01-16",
        "juros": "0.00",
        "desconto": "0.00",
        "comprovante": "C:/Users/PC-Leleco/Dropbox/Pessoal/ContasPagas\\2025\\01-janeiro\\celular.jpg",
        "status": "pago",
        "agente_pagador": null,
        "parcelamento": null,
        "parcela_atual": null,
        "total_parcelas": null,
        "legacy_id": null,
        "transacao_id": null
    }
},
{
    "model": "core.lancamento",
    "pk": 2,
    "fields": {
        "competencia": 2,
        "conta": 2,
        "descricao": null,
        "valor_previsto": "499.89",
        "valor_pago": "499.89",
        "vencimento": "2025-01-16",
        "data_pagamento": "2025-01-16",
        "juros": "0.00",
        "desconto": "0.00",
        "comprovante": "",
        "status": "pago",
        "agente_pagador": null,
        "parcelamento": null,
        "parcela_atual": null,
        "total_parcelas": null,
        "legacy_id": null,
        "transacao_id": null
    }
},
{
    "model": "core.lancamento",
    "pk": 3,
    "fields": {
        "competencia": 2,
        "conta": 3,
        "descricao": null,
        "valor_previsto": "77.48",
        "valor_pago": "77.48",
        "vencimento": "2025-01-16",
        "data_pagamento": "2025-01-16",
        "juros": "0.00",
        "desconto": "0.00",
        "comprovante": "C:/Users/PC-Leleco/Dropbox/Pessoal/ContasPagas\\2025\\01-janeiro\\congaz.jpg",
        "status": "pago",
        "agente_pagador": null,
        "parcelamento": null,
        "parcela_atual": null,
        "total_parcelas": null,
        "legacy_id": null,
        "transacao_id": null
    }
},
{
    "model": "core.lancamento",
    "pk": 4,
    "fields": {
        "competencia": 2,
        "conta": 4,
        "descricao": null,
        "valor_previsto": "176.41",
        "valor_pago": "176.41",
        "vencimento": "2025-01-16",
        "data_pagamento": "2025-01-16",
        "juros": "0.00",
        "desconto": "0.00",
        "comprovante": "C:/Users/PC-Leleco/Dropbox/Pessoal/ContasPagas\\2025\\01-janeiro\\eletropaulo.jpg",
        "status": "pago",
        "agente_pagador": null,
        "parcelamento": null,
        "parcela_atual": null,
        "total_parcelas": null,
        "legacy_id": null,
        "transacao_id": null
    }
},
{
    "model": "core.lancamento",
    "pk": 5,
    "fields": {
        "competencia": 2,
        "conta": 5,
        "descricao": null,
        "valor_previsto": "119.99",
        "valor_pago": "119.99",
        "vencimento": "2025-01-16",
        "data_pagamento": "2025-01-16",
        "juros": "0.00",
        "desconto": "0.00",
        "comprovante": "C:/Users/PC-Leleco/Dropbox/Pessoal/ContasPagas\\2025\\01-janeiro\\internet.jpg",
        "status": "pago",
        "agente_pagador": null,
        "parcelamento": null,
        "parcela_atual": null,
        "total_parcelas": null,
        "legacy_id": null,
        "transacao_id": null
    }
},
{
    "model": "core.lancamento",
    "pk": 6,
    "fields": {
        "competencia": 2,
        "conta": 6,
        "descricao": null,
        "valor_previsto": "25.00",
        "valor_pago": "25.00",
        "vencimento": "2025-01-16",
        "data_pagamento": "2025-01-16",
        "juros": "0.00",
        "desconto": "0.00",
        "comprovante": "C:/Users/PC-Leleco/Dropbox/Pessoal/ContasPagas\\2025\\01-janeiro\\iptv.jpg",
        "status": "pago",
        "agente_pagador": null,
        "parcelamento": null,
        "parcela_atual": null,
        "total_parcelas": null,
        "legacy_id": null,
        "transacao_id": null
    }
},
{
    "model": "core.lancamento",
    "pk": 7,
    "fields": {
        "competencia": 2,
        "conta": 7,
        "descricao": null,
        "valor_previsto": "197.53",
        "valor_pago": "197.53",
        "vencimento": "2025-01-16",
        "data_pagamento": "2025-01-16",
        "juros": "0.00",
        "desconto": "0.00",
        "comprovante": "C:/Users/PC-Leleco/Dropbox/Pessoal/ContasPagas\\2025\\01-janeiro\\IPVA_1_PARCELA_SANDEIRO.pdf",
        "status": "pago",
        "agente_pagador": null,
        "parcelamento": null,
        "parcela_atual": null,
        "total_parcelas": null,
        "legacy_id": null,
        "transacao_id": null
    }
},
{
    "model": "core.lancamento",
    "pk": 8,
    "fields": {
        "competencia": 2,
        "conta": 8,
        "descricao": null,
        "valor_previsto": "3826.84",
        "valor_pago": "3826.84",
        "vencimento": "2025-01-02",
        "data_pagamento": "2025-01-02",
        "juros": "0.00",
        "desconto": "0.00",
        "comprovante": "C:/Users/PC-Leleco/Dropbox/Pessoal/ContasPagas\\2025\\01-janeiro\\nu bank.jpg",
        "status": "pago",
        "agente_pagador": null,
        "parcelamento": null,
        "parcela_atual": null,
        "total_parcelas": null,
        "legacy_id": null,
        "transacao_id": null
    }
},
{
    "model": "core.lancamento",
    "pk": 9,
    "fields": {
        "competencia": 2,
        "conta": 9,
        "descricao": null,
        "valor_previsto": "1000.00",
        "valor_pago": "1000.00",
        "vencimento": "2025-01-16",
        "data_pagamento": "2025-01-16",
        "juros": "0.00",
        "desconto": "0.00",
        "comprovante": "",
        "status": "pago",
        "agente_pagador": null,
        "parcelamento": null,
        "parcela_atual": null,
        "total_parcelas": null,
        "legacy_id": null,
        "transacao_id": null
    }
},
{
    "model": "core.lancamento",
    "pk": 10,
    "fields": {
        "competencia": 2,
        "conta": 10,
        "descricao": null,
        "valor_previsto": "121.04",
        "valor_pago": "121.04",
        "vencimento": "2025-01-22",
        "data_pagamento": "2025-01-22",
        "juros": "0.00",
        "desconto": "0.00",
        "comprovante": "",
        "status": "pago",
        "agente_pagador": null,
        "parcelamento": null,
        "parcela_atual": null,
        "total_parcelas": null,
        "legacy_id": null,
        "transacao_id": null
    }
},
{
    "model": "core.lancamento",
    "pk": 11,
    "fields": {
        "competencia": 2,
        "conta": 1,
        "descricao": null,
        "valor_previsto": "169.90",
        "valor_pago": "169.90",
        "vencimento": "2025-01-16",
        "data_pagamento": "2025-01-16",
        "juros": "0.00",
        "desconto": "0.00",
        "comprovante": "C:/Users/PC-Leleco/Dropbox/Pessoal/ContasPagas\\2025\\01-janeiro\\celular.jpg",
        "status": "pago",
        "agente_pagador": null,
        "parcelamento": null,
        "parcela_atual": null,
        "total_parcelas": null,
        "legacy_id": 126,
        "transacao_id": null
    }
},
{
    "model": "core.lancamento",
    "pk": 12,
    "fields": {
        "competencia": 2,
        "conta": 2,
        "descricao": null,
        "valor_previsto": "499.89",
        "valor_pago": "499.89",
        "vencimento": "2025-01-16",
        "data_pagamento": "2025-01-16",
        "juros": "0.00",
        "desconto": "0.00",
        "comprovante": "",
        "status": "pago",
        "agente_pagador": null,
        "parcelamento": null,
        "parcela_atual": null,
        "total_parcelas": null,
        "legacy_id": 127,
        "transacao_id": null
    }
},
{
    "model": "core.lancamento",
    "pk": 13,
    "fields": {
        "competencia": 2,
        "conta": 3,
        "descricao": null,
        "valor_previsto": "77.48",
        "valor_pago": "77.48",
        "vencimento": "2025-01-16",
        "data_pagamento": "2025-01-16",
        "juros": "0.00",
        "desconto": "0.00",
        "comprovante": "C:/Users/PC-Leleco/Dropbox/Pessoal/ContasPagas\\2025\\01-janeiro\\congaz.jpg",
        "status": "pago",
        "agente_pagador": null,
        "parcelamento": null,
        "parcela_atual": null,
        "total_parcelas": null,
        "legacy_id": 128,
        "transacao_id": null
    }
},
{
    "model": "core.lancamento",
    "pk": 14,
    "fields": {
        "competencia": 2,
        "conta": 4,
        "descricao": null,
        "valor_previsto": "176.41",
        "valor_pago": "176.41",
        "vencimento": "2025-01-16",
        "data_pagamento": "2025-01-16",
        "juros": "0.00",
        "desconto": "0.00",
        "comprovante": "C:/Users/PC-Leleco/Dropbox/Pessoal/ContasPagas\\2025\\01-janeiro\\eletropaulo.jpg",
        "status": "pago",
        "agente_pagador": null,
        "parcelamento": null,
        "parcela_atual": null,
        "total_parcelas": null,
        "legacy_id": 129,
        "transacao_id": null
    }
},
{
    "model": "core.lancamento",
    "pk": 15,
    "fields": {
        "competencia": 2,
        "conta": 5,
        "descricao": null,
        "valor_previsto": "119.99",
        "valor_pago": "119.99",
        "vencimento": "2025-01-16",
        "data_pagamento": "2025-01-16",
        "juros": "0.00",
        "desconto": "0.00",
        "comprovante": "C:/Users/PC-Leleco/Dropbox/Pessoal/ContasPagas\\2025\\01-janeiro\\internet.jpg",
        "status": "pago",
        "agente_pagador": null,
        "parcelamento": null,
        "parcela_atual": null,
        "total_parcelas": null,
        "legacy_id": 130,
        "transacao_id": null
    }
},
{
    "model": "core.lancamento",
    "pk": 16,
    "fields": {
        "competencia": 2,
        "conta": 6,
        "descricao": null,
        "valor_previsto": "25.00",
        "valor_pago": "25.00",
        "vencimento": "2025-01-16",
        "data_pagamento": "2025-01-16",
        "juros": "0.00",
        "desconto": "0.00",
        "comprovante": "C:/Users/PC-Leleco/Dropbox/Pessoal/ContasPagas\\2025\\01-janeiro\\iptv.jpg",
        "status": "pago",
        "agente_pagador": null,
        "parcelamento": null,
        "parcela_atual": null,
        "total_parcelas": null,
        "legacy_id": 131,
        "transacao_id": null
    }
},
{
    "model": "core.lancamento",
    "pk": 17,
    "fields": {
        "competencia": 2,
        "conta": 7,
        "descricao": null,
        "valor_previsto": "197.53",
        "valor_pago": "197.53",
        "vencimento": "2025-01-16",
        "data_pagamento": "2025-01-16",
        "juros": "0.00",
        "desconto": "0.00",
        "comprovante": "C:/Users/PC-Leleco/Dropbox/Pessoal/ContasPagas\\2025\\01-janeiro\\IPVA_1_PARCELA_SANDEIRO.pdf",
        "status": "pago",
        "agente_pagador": null,
        "parcelamento": null,
        "parcela_atual": null,
        "total_parcelas": null,
        "legacy_id": 132,
        "transacao_id": null
    }
},
{
    "model": "core.lancamento",
    "pk": 18,
    "fields": {
        "competencia": 2,
        "conta": 8,
        "descricao": null,
        "valor_previsto": "3826.84",
        "valor_pago": "3826.84",
        "vencimento": "2025-01-02",
        "data_pagamento": "2025-01-02",
        "juros": "0.00",
        "desconto": "0.00",
        "comprovante": "C:/Users/PC-Leleco/Dropbox/Pessoal/ContasPagas\\2025\\01-janeiro\\nu bank.jpg",
        "status": "pago",
        "agente_pagador": null,
        "parcelamento": null,
        "parcela_atual": null,
        "total_parcelas": null,
        "legacy_id": 133,
        "transacao_id": null
    }
},
{
    "model": "core.lancamento",
    "pk": 19,
    "fields": {
        "competencia": 2,
        "conta": 9,
        "descricao": null,
        "valor_previsto": "1000.00",
        "valor_pago": "1000.00",
        "vencimento": "2025-01-16",
        "data_pagamento": "2025-01-16",
        "juros": "0.00",
        "desconto": "0.00",
        "comprovante": "",
        "status": "pago",
        "agente_pagador": null,
        "parcelamento": null,
        "parcela_atual": null,
        "total_parcelas": null,
        "legacy_id": 134,
        "transacao_id": null
    }
},
{
    "model": "core.lancamento",
    "pk": 20,
    "fields": {
        "competencia": 2,
        "conta": 10,
        "descricao": null,
        "valor_previsto": "121.04",
        "valor_pago": "121.04",
        "vencimento": "2025-01-22",
        "data_pagamento": "2025-01-22",
        "juros": "0.00",
        "desconto": "0.00",
        "comprovante": "",
        "status": "pago",
        "agente_pagador": null,
        "parcelamento": null,
        "parcela_atual": null,
        "total_parcelas": null,
        "legacy_id": 137,
        "transacao_id": null
    }
},
{
    "model": "core.lancamento",
    "pk": 21,
    "fields": {
        "competencia": 1,
        "conta": 11,
        "descricao": null,
        "valor_previsto": "0.00",
        "valor_pago": null,
        "vencimento": "2026-05-17",
        "data_pagamento": null,
        "juros": "0.00",
        "desconto": "0.00",
        "comprovante": "",
        "status": "pendente",
        "agente_pagador": null,
        "parcelamento": null,
        "parcela_atual": null,
        "total_parcelas": null,
        "legacy_id": null,
        "transacao_id": null
    }
},
{
    "model": "core.lancamento",
    "pk": 22,
    "fields": {
        "competencia": 1,
        "conta": 12,
        "descricao": null,
        "valor_previsto": "0.00",
        "valor_pago": null,
        "vencimento": "2026-05-15",
        "data_pagamento": null,
        "juros": "0.00",
        "desconto": "0.00",
        "comprovante": "",
        "status": "pendente",
        "agente_pagador": null,
        "parcelamento": null,
        "parcela_atual": null,
        "total_parcelas": null,
        "legacy_id": null,
        "transacao_id": null
    }
},
{
    "model": "core.lancamento",
    "pk": 23,
    "fields": {
        "competencia": 1,
        "conta": 13,
        "descricao": null,
        "valor_previsto": "0.00",
        "valor_pago": null,
        "vencimento": "2026-05-17",
        "data_pagamento": null,
        "juros": "0.00",
        "desconto": "0.00",
        "comprovante": "",
        "status": "pendente",
        "agente_pagador": null,
        "parcelamento": null,
        "parcela_atual": null,
        "total_parcelas": null,
        "legacy_id": null,
        "transacao_id": null
    }
},
{
    "model": "core.lancamento",
    "pk": 24,
    "fields": {
        "competencia": 1,
        "conta": 14,
        "descricao": null,
        "valor_previsto": "0.00",
        "valor_pago": null,
        "vencimento": "2026-05-26",
        "data_pagamento": null,
        "juros": "0.00",
        "desconto": "0.00",
        "comprovante": "",
        "status": "pendente",
        "agente_pagador": null,
        "parcelamento": null,
        "parcela_atual": null,
        "total_parcelas": null,
        "legacy_id": null,
        "transacao_id": null
    }
},
{
    "model": "core.lancamento",
    "pk": 25,
    "fields": {
        "competencia": 1,
        "conta": 15,
        "descricao": null,
        "valor_previsto": "0.00",
        "valor_pago": null,
        "vencimento": "2026-05-05",
        "data_pagamento": null,
        "juros": "0.00",
        "desconto": "0.00",
        "comprovante": "",
        "status": "pendente",
        "agente_pagador": null,
        "parcelamento": null,
        "parcela_atual": null,
        "total_parcelas": null,
        "legacy_id": null,
        "transacao_id": null
    }
},
{
    "model": "core.lancamento",
    "pk": 26,
    "fields": {
        "competencia": 1,
        "conta": 16,
        "descricao": null,
        "valor_previsto": "0.00",
        "valor_pago": null,
        "vencimento": "2026-05-15",
        "data_pagamento": null,
        "juros": "0.00",
        "desconto": "0.00",
        "comprovante": "",
        "status": "pendente",
        "agente_pagador": null,
        "parcelamento": null,
        "parcela_atual": null,
        "total_parcelas": null,
        "legacy_id": null,
        "transacao_id": null
    }
},
{
    "model": "core.lancamento",
    "pk": 27,
    "fields": {
        "competencia": 3,
        "conta": 8,
        "descricao": null,
        "valor_previsto": "3366.55",
        "valor_pago": "3366.55",
        "vencimento": "2025-02-11",
        "data_pagamento": "2025-02-11",
        "juros": "0.00",
        "desconto": "0.00",
        "comprovante": "C:/Users/PC-Leleco/Dropbox/Pessoal/ContasPagas\\2025\\02-fevereiro\\cartao_nu_bank.jpg",
        "status": "pago",
        "agente_pagador": null,
        "parcelamento": null,
        "parcela_atual": null,
        "total_parcelas": null,
        "legacy_id": 117,
        "transacao_id": null
    }
},
{
    "model": "core.lancamento",
    "pk": 28,
    "fields": {
        "competencia": 3,
        "conta": 2,
        "descricao": null,
        "valor_previsto": "458.77",
        "valor_pago": "458.77",
        "vencimento": "2025-02-10",
        "data_pagamento": "2025-02-10",
        "juros": "0.00",
        "desconto": "0.00",
        "comprovante": "C:/Users/PC-Leleco/Dropbox/Pessoal/ContasPagas\\2025\\02-fevereiro\\condominio.jpg",
        "status": "pago",
        "agente_pagador": null,
        "parcelamento": null,
        "parcela_atual": null,
        "total_parcelas": null,
        "legacy_id": 118,
        "transacao_id": null
    }
},
{
    "model": "core.lancamento",
    "pk": 29,
    "fields": {
        "competencia": 3,
        "conta": 3,
        "descricao": null,
        "valor_previsto": "65.28",
        "valor_pago": "65.28",
        "vencimento": "2025-02-10",
        "data_pagamento": "2025-02-10",
        "juros": "0.00",
        "desconto": "0.00",
        "comprovante": "C:/Users/PC-Leleco/Dropbox/Pessoal/ContasPagas\\2025\\02-fevereiro\\congas.pdf",
        "status": "pago",
        "agente_pagador": null,
        "parcelamento": null,
        "parcela_atual": null,
        "total_parcelas": null,
        "legacy_id": 119,
        "transacao_id": null
    }
},
{
    "model": "core.lancamento",
    "pk": 30,
    "fields": {
        "competencia": 3,
        "conta": 10,
        "descricao": null,
        "valor_previsto": "121.04",
        "valor_pago": "121.04",
        "vencimento": "2025-02-10",
        "data_pagamento": "2025-02-10",
        "juros": "0.00",
        "desconto": "0.00",
        "comprovante": "C:/Users/PC-Leleco/Dropbox/Pessoal/ContasPagas\\2025\\02-fevereiro\\iptu.pdf",
        "status": "pago",
        "agente_pagador": null,
        "parcelamento": null,
        "parcela_atual": null,
        "total_parcelas": null,
        "legacy_id": 120,
        "transacao_id": null
    }
},
{
    "model": "core.lancamento",
    "pk": 31,
    "fields": {
        "competencia": 3,
        "conta": 7,
        "descricao": null,
        "valor_previsto": "197.00",
        "valor_pago": "197.00",
        "vencimento": "2025-02-10",
        "data_pagamento": "2025-02-10",
        "juros": "0.00",
        "desconto": "0.00",
        "comprovante": "C:/Users/PC-Leleco/Dropbox/Pessoal/ContasPagas\\2025\\02-fevereiro\\IPVA_2_PARCELA_SANDEIRO.pdf",
        "status": "pago",
        "agente_pagador": null,
        "parcelamento": null,
        "parcela_atual": null,
        "total_parcelas": null,
        "legacy_id": 121,
        "transacao_id": null
    }
},
{
    "model": "core.lancamento",
    "pk": 32,
    "fields": {
        "competencia": 3,
        "conta": 20,
        "descricao": null,
        "valor_previsto": "167.74",
        "valor_pago": "167.74",
        "vencimento": "2025-02-10",
        "data_pagamento": "2025-02-10",
        "juros": "0.00",
        "desconto": "0.00",
        "comprovante": "",
        "status": "pago",
        "agente_pagador": null,
        "parcelamento": null,
        "parcela_atual": null,
        "total_parcelas": null,
        "legacy_id": 122,
        "transacao_id": null
    }
},
{
    "model": "core.lancamento",
    "pk": 33,
    "fields": {
        "competencia": 3,
        "conta": 9,
        "descricao": null,
        "valor_previsto": "1000.00",
        "valor_pago": "1000.00",
        "vencimento": "2025-02-10",
        "data_pagamento": "2025-02-10",
        "juros": "0.00",
        "desconto": "0.00",
        "comprovante": "C:/Users/PC-Leleco/Dropbox/Pessoal/ContasPagas\\2025\\02-fevereiro\\pix_pai_harley.pdf",
        "status": "pago",
        "agente_pagador": null,
        "parcelamento": null,
        "parcela_atual": null,
        "total_parcelas": null,
        "legacy_id": 123,
        "transacao_id": null
    }
},
{
    "model": "core.lancamento",
    "pk": 34,
    "fields": {
        "competencia": 3,
        "conta": 1,
        "descricao": null,
        "valor_previsto": "174.53",
        "valor_pago": "174.53",
        "vencimento": "2025-02-28",
        "data_pagamento": "2025-02-28",
        "juros": "0.00",
        "desconto": "0.00",
        "comprovante": "C:/Users/PC-Leleco/Dropbox/Pessoal/ContasPagas\\2025\\02-fevereiro\\Vivo_fevereiro_1.pdf",
        "status": "pago",
        "agente_pagador": null,
        "parcelamento": null,
        "parcela_atual": null,
        "total_parcelas": null,
        "legacy_id": 124,
        "transacao_id": null
    }
},
{
    "model": "core.lancamento",
    "pk": 35,
    "fields": {
        "competencia": 3,
        "conta": 5,
        "descricao": null,
        "valor_previsto": "123.41",
        "valor_pago": "123.41",
        "vencimento": "2025-02-28",
        "data_pagamento": "2025-02-28",
        "juros": "0.00",
        "desconto": "0.00",
        "comprovante": "C:/Users/PC-Leleco/Dropbox/Pessoal/ContasPagas\\2025\\02-fevereiro\\Vivo_fevereiro2.pdf",
        "status": "pago",
        "agente_pagador": null,
        "parcelamento": null,
        "parcela_atual": null,
        "total_parcelas": null,
        "legacy_id": 125,
        "transacao_id": null
    }
},
{
    "model": "core.lancamento",
    "pk": 36,
    "fields": {
        "competencia": 4,
        "conta": 8,
        "descricao": null,
        "valor_previsto": "3452.30",
        "valor_pago": "3452.30",
        "vencimento": "2025-03-17",
        "data_pagamento": "2025-03-17",
        "juros": "0.00",
        "desconto": "0.00",
        "comprovante": "C:/Users/PC-Leleco/Dropbox/Pessoal/ContasPagas\\2025\\03-março\\cartao_nu_bank.pdf",
        "status": "pago",
        "agente_pagador": null,
        "parcelamento": null,
        "parcela_atual": null,
        "total_parcelas": null,
        "legacy_id": 109,
        "transacao_id": null
    }
},
{
    "model": "core.lancamento",
    "pk": 37,
    "fields": {
        "competencia": 4,
        "conta": 3,
        "descricao": null,
        "valor_previsto": "80.60",
        "valor_pago": "80.60",
        "vencimento": "2025-03-17",
        "data_pagamento": "2025-03-17",
        "juros": "0.00",
        "desconto": "0.00",
        "comprovante": "C:/Users/PC-Leleco/Dropbox/Pessoal/ContasPagas\\2025\\03-março\\comgas.pdf",
        "status": "pago",
        "agente_pagador": null,
        "parcelamento": null,
        "parcela_atual": null,
        "total_parcelas": null,
        "legacy_id": 110,
        "transacao_id": null
    }
},
{
    "model": "core.lancamento",
    "pk": 38,
    "fields": {
        "competencia": 4,
        "conta": 2,
        "descricao": null,
        "valor_previsto": "457.02",
        "valor_pago": "457.02",
        "vencimento": "2025-03-17",
        "data_pagamento": "2025-03-17",
        "juros": "0.00",
        "desconto": "0.00",
        "comprovante": "C:/Users/PC-Leleco/Dropbox/Pessoal/ContasPagas\\2025\\03-março\\condominio.pdf",
        "status": "pago",
        "agente_pagador": null,
        "parcelamento": null,
        "parcela_atual": null,
        "total_parcelas": null,
        "legacy_id": 111,
        "transacao_id": null
    }
},
{
    "model": "core.lancamento",
    "pk": 39,
    "fields": {
        "competencia": 4,
        "conta": 4,
        "descricao": null,
        "valor_previsto": "199.35",
        "valor_pago": "199.35",
        "vencimento": "2025-03-17",
        "data_pagamento": "2025-03-17",
        "juros": "0.00",
        "desconto": "0.00",
        "comprovante": "C:/Users/PC-Leleco/Dropbox/Pessoal/ContasPagas\\2025\\03-março\\enel.pdf",
        "status": "pago",
        "agente_pagador": null,
        "parcelamento": null,
        "parcela_atual": null,
        "total_parcelas": null,
        "legacy_id": 112,
        "transacao_id": null
    }
},
{
    "model": "core.lancamento",
    "pk": 40,
    "fields": {
        "competencia": 4,
        "conta": 9,
        "descricao": null,
        "valor_previsto": "1000.00",
        "valor_pago": "1000.00",
        "vencimento": "2025-03-17",
        "data_pagamento": "2025-03-17",
        "juros": "0.00",
        "desconto": "0.00",
        "comprovante": "C:/Users/PC-Leleco/Dropbox/Pessoal/ContasPagas\\2025\\03-março\\harley_pix_pai.pdf",
        "status": "pago",
        "agente_pagador": null,
        "parcelamento": null,
        "parcela_atual": null,
        "total_parcelas": null,
        "legacy_id": 113,
        "transacao_id": null
    }
},
{
    "model": "core.lancamento",
    "pk": 41,
    "fields": {
        "competencia": 4,
        "conta": 21,
        "descricao": null,
        "valor_previsto": "242.59",
        "valor_pago": "242.59",
        "vencimento": "2025-03-17",
        "data_pagamento": "2025-03-17",
        "juros": "0.00",
        "desconto": "0.00",
        "comprovante": "C:/Users/PC-Leleco/Dropbox/Pessoal/ContasPagas\\2025\\03-março\\seguro_sandeiro.pdf",
        "status": "pago",
        "agente_pagador": null,
        "parcelamento": null,
        "parcela_atual": null,
        "total_parcelas": null,
        "legacy_id": 114,
        "transacao_id": null
    }
},
{
    "model": "core.lancamento",
    "pk": 42,
    "fields": {
        "competencia": 4,
        "conta": 1,
        "descricao": null,
        "valor_previsto": "173.90",
        "valor_pago": "173.90",
        "vencimento": "2025-03-17",
        "data_pagamento": "2025-03-17",
        "juros": "0.00",
        "desconto": "0.00",
        "comprovante": "",
        "status": "pago",
        "agente_pagador": null,
        "parcelamento": null,
        "parcela_atual": null,
        "total_parcelas": null,
        "legacy_id": 115,
        "transacao_id": null
    }
},
{
    "model": "core.lancamento",
    "pk": 43,
    "fields": {
        "competencia": 4,
        "conta": 5,
        "descricao": null,
        "valor_previsto": "122.81",
        "valor_pago": "122.81",
        "vencimento": "2025-03-17",
        "data_pagamento": "2025-03-17",
        "juros": "0.00",
        "desconto": "0.00",
        "comprovante": "",
        "status": "pago",
        "agente_pagador": null,
        "parcelamento": null,
        "parcela_atual": null,
        "total_parcelas": null,
        "legacy_id": 116,
        "transacao_id": null
    }
},
{
    "model": "core.lancamento",
    "pk": 44,
    "fields": {
        "competencia": 4,
        "conta": 10,
        "descricao": null,
        "valor_previsto": "121.04",
        "valor_pago": "121.04",
        "vencimento": "2025-03-17",
        "data_pagamento": "2025-03-17",
        "juros": "0.00",
        "desconto": "0.00",
        "comprovante": "",
        "status": "pago",
        "agente_pagador": null,
        "parcelamento": null,
        "parcela_atual": null,
        "total_parcelas": null,
        "legacy_id": 138,
        "transacao_id": null
    }
},
{
    "model": "core.lancamento",
    "pk": 45,
    "fields": {
        "competencia": 5,
        "conta": 8,
        "descricao": null,
        "valor_previsto": "3552.72",
        "valor_pago": "3552.72",
        "vencimento": "2025-04-16",
        "data_pagamento": "2025-04-16",
        "juros": "0.00",
        "desconto": "0.00",
        "comprovante": "C:/Users/PC-Leleco/Dropbox/Pessoal/ContasPagas\\2025\\04-abril\\cartao_nu_banck_mes_4.jpg",
        "status": "pago",
        "agente_pagador": null,
        "parcelamento": null,
        "parcela_atual": null,
        "total_parcelas": null,
        "legacy_id": 100,
        "transacao_id": null
    }
},
{
    "model": "core.lancamento",
    "pk": 46,
    "fields": {
        "competencia": 5,
        "conta": 2,
        "descricao": null,
        "valor_previsto": "462.39",
        "valor_pago": "462.39",
        "vencimento": "2025-04-16",
        "data_pagamento": "2025-04-16",
        "juros": "0.00",
        "desconto": "0.00",
        "comprovante": "C:/Users/PC-Leleco/Dropbox/Pessoal/ContasPagas\\2025\\04-abril\\condominio_mes__4_.jpg",
        "status": "pago",
        "agente_pagador": null,
        "parcelamento": null,
        "parcela_atual": null,
        "total_parcelas": null,
        "legacy_id": 101,
        "transacao_id": null
    }
},
{
    "model": "core.lancamento",
    "pk": 47,
    "fields": {
        "competencia": 5,
        "conta": 3,
        "descricao": null,
        "valor_previsto": "56.97",
        "valor_pago": "56.97",
        "vencimento": "2025-04-22",
        "data_pagamento": "2025-04-22",
        "juros": "0.00",
        "desconto": "0.00",
        "comprovante": "C:/Users/PC-Leleco/Dropbox/Pessoal/ContasPagas\\2025\\04-abril\\congaz_mes_4.pdf",
        "status": "pago",
        "agente_pagador": null,
        "parcelamento": null,
        "parcela_atual": null,
        "total_parcelas": null,
        "legacy_id": 102,
        "transacao_id": null
    }
},
{
    "model": "core.lancamento",
    "pk": 48,
    "fields": {
        "competencia": 5,
        "conta": 4,
        "descricao": null,
        "valor_previsto": "148.39",
        "valor_pago": "148.39",
        "vencimento": "2025-04-16",
        "data_pagamento": "2025-04-16",
        "juros": "0.00",
        "desconto": "0.00",
        "comprovante": "C:/Users/PC-Leleco/Dropbox/Pessoal/ContasPagas\\2025\\04-abril\\eletropaulo.jpg",
        "status": "pago",
        "agente_pagador": null,
        "parcelamento": null,
        "parcela_atual": null,
        "total_parcelas": null,
        "legacy_id": 103,
        "transacao_id": null
    }
},
{
    "model": "core.lancamento",
    "pk": 49,
    "fields": {
        "competencia": 5,
        "conta": 9,
        "descricao": null,
        "valor_previsto": "1000.00",
        "valor_pago": "1000.00",
        "vencimento": "2025-04-16",
        "data_pagamento": "2025-04-16",
        "juros": "0.00",
        "desconto": "0.00",
        "comprovante": "C:/Users/PC-Leleco/Dropbox/Pessoal/ContasPagas\\2025\\04-abril\\harley.pdf",
        "status": "pago",
        "agente_pagador": null,
        "parcelamento": null,
        "parcela_atual": null,
        "total_parcelas": null,
        "legacy_id": 104,
        "transacao_id": null
    }
},
{
    "model": "core.lancamento",
    "pk": 50,
    "fields": {
        "competencia": 5,
        "conta": 10,
        "descricao": null,
        "valor_previsto": "121.04",
        "valor_pago": "121.04",
        "vencimento": "2025-04-22",
        "data_pagamento": "2025-04-22",
        "juros": "0.00",
        "desconto": "0.00",
        "comprovante": "C:/Users/PC-Leleco/Dropbox/Pessoal/ContasPagas\\2025\\04-abril\\iptu_mes_4_.pdf",
        "status": "pago",
        "agente_pagador": null,
        "parcelamento": null,
        "parcela_atual": null,
        "total_parcelas": null,
        "legacy_id": 105,
        "transacao_id": null
    }
},
{
    "model": "core.lancamento",
    "pk": 51,
    "fields": {
        "competencia": 5,
        "conta": 7,
        "descricao": null,
        "valor_previsto": "197.53",
        "valor_pago": "197.53",
        "vencimento": "2025-04-22",
        "data_pagamento": "2025-04-22",
        "juros": "0.00",
        "desconto": "0.00",
        "comprovante": "C:/Users/PC-Leleco/Dropbox/Pessoal/ContasPagas\\2025\\04-abril\\ipva_sandeiro_mes_4.pdf",
        "status": "pago",
        "agente_pagador": null,
        "parcelamento": null,
        "parcela_atual": null,
        "total_parcelas": null,
        "legacy_id": 106,
        "transacao_id": null
    }
},
{
    "model": "core.lancamento",
    "pk": 52,
    "fields": {
        "competencia": 5,
        "conta": 1,
        "descricao": null,
        "valor_previsto": "177.90",
        "valor_pago": "177.90",
        "vencimento": "2025-04-16",
        "data_pagamento": "2025-04-16",
        "juros": "0.00",
        "desconto": "0.00",
        "comprovante": "C:/Users/PC-Leleco/Dropbox/Pessoal/ContasPagas\\2025\\04-abril\\vivo_celular.pdf",
        "status": "pago",
        "agente_pagador": null,
        "parcelamento": null,
        "parcela_atual": null,
        "total_parcelas": null,
        "legacy_id": 107,
        "transacao_id": null
    }
},
{
    "model": "core.lancamento",
    "pk": 53,
    "fields": {
        "competencia": 5,
        "conta": 5,
        "descricao": null,
        "valor_previsto": "119.99",
        "valor_pago": "119.99",
        "vencimento": "2025-04-16",
        "data_pagamento": "2025-04-16",
        "juros": "0.00",
        "desconto": "0.00",
        "comprovante": "C:/Users/PC-Leleco/Dropbox/Pessoal/ContasPagas\\2025\\04-abril\\vivo_internet.pdf",
        "status": "pago",
        "agente_pagador": null,
        "parcelamento": null,
        "parcela_atual": null,
        "total_parcelas": null,
        "legacy_id": 108,
        "transacao_id": null
    }
},
{
    "model": "core.lancamento",
    "pk": 54,
    "fields": {
        "competencia": 6,
        "conta": 8,
        "descricao": null,
        "valor_previsto": "2875.72",
        "valor_pago": "2875.72",
        "vencimento": "2025-05-21",
        "data_pagamento": "2025-05-21",
        "juros": "0.00",
        "desconto": "0.00",
        "comprovante": "C:/Users/PC-Leleco/Dropbox/Pessoal/ContasPagas\\2025\\05-maio\\cartao-maio-2875.72.jpg",
        "status": "pago",
        "agente_pagador": null,
        "parcelamento": null,
        "parcela_atual": null,
        "total_parcelas": null,
        "legacy_id": 99,
        "transacao_id": null
    }
},
{
    "model": "core.lancamento",
    "pk": 55,
    "fields": {
        "competencia": 6,
        "conta": 10,
        "descricao": null,
        "valor_previsto": "121.04",
        "valor_pago": "121.04",
        "vencimento": "2025-05-10",
        "data_pagamento": "2025-05-10",
        "juros": "0.00",
        "desconto": "0.00",
        "comprovante": "",
        "status": "pago",
        "agente_pagador": null,
        "parcelamento": null,
        "parcela_atual": null,
        "total_parcelas": null,
        "legacy_id": 136,
        "transacao_id": null
    }
},
{
    "model": "core.lancamento",
    "pk": 56,
    "fields": {
        "competencia": 7,
        "conta": 8,
        "descricao": null,
        "valor_previsto": "4081.90",
        "valor_pago": "4081.90",
        "vencimento": "2025-06-09",
        "data_pagamento": "2025-06-09",
        "juros": "0.00",
        "desconto": "0.00",
        "comprovante": "C:/Users/PC-Leleco/Dropbox/Pessoal/ContasPagas\\2025\\06-junho\\cartao-4081.90.jpg",
        "status": "pago",
        "agente_pagador": null,
        "parcelamento": null,
        "parcela_atual": null,
        "total_parcelas": null,
        "legacy_id": 93,
        "transacao_id": null
    }
},
{
    "model": "core.lancamento",
    "pk": 57,
    "fields": {
        "competencia": 7,
        "conta": 1,
        "descricao": null,
        "valor_previsto": "181.68",
        "valor_pago": "181.68",
        "vencimento": "2025-06-09",
        "data_pagamento": "2025-06-09",
        "juros": "0.00",
        "desconto": "0.00",
        "comprovante": "C:/Users/PC-Leleco/Dropbox/Pessoal/ContasPagas\\2025\\06-junho\\celular-181-68.jpg",
        "status": "pago",
        "agente_pagador": null,
        "parcelamento": null,
        "parcela_atual": null,
        "total_parcelas": null,
        "legacy_id": 94,
        "transacao_id": null
    }
},
{
    "model": "core.lancamento",
    "pk": 58,
    "fields": {
        "competencia": 7,
        "conta": 2,
        "descricao": null,
        "valor_previsto": "456.22",
        "valor_pago": "456.22",
        "vencimento": "2025-06-09",
        "data_pagamento": "2025-06-09",
        "juros": "0.00",
        "desconto": "0.00",
        "comprovante": "C:/Users/PC-Leleco/Dropbox/Pessoal/ContasPagas\\2025\\06-junho\\condominio456.22.jpg",
        "status": "pago",
        "agente_pagador": null,
        "parcelamento": null,
        "parcela_atual": null,
        "total_parcelas": null,
        "legacy_id": 95,
        "transacao_id": null
    }
},
{
    "model": "core.lancamento",
    "pk": 59,
    "fields": {
        "competencia": 7,
        "conta": 3,
        "descricao": null,
        "valor_previsto": "72.25",
        "valor_pago": "72.25",
        "vencimento": "2025-06-09",
        "data_pagamento": "2025-06-09",
        "juros": "0.00",
        "desconto": "0.00",
        "comprovante": "C:/Users/PC-Leleco/Dropbox/Pessoal/ContasPagas\\2025\\06-junho\\condominio-maio-462.39.jpg",
        "status": "pago",
        "agente_pagador": null,
        "parcelamento": null,
        "parcela_atual": null,
        "total_parcelas": null,
        "legacy_id": 96,
        "transacao_id": null
    }
},
{
    "model": "core.lancamento",
    "pk": 60,
    "fields": {
        "competencia": 7,
        "conta": 4,
        "descricao": null,
        "valor_previsto": "148.39",
        "valor_pago": "148.39",
        "vencimento": "2025-06-09",
        "data_pagamento": "2025-06-09",
        "juros": "0.00",
        "desconto": "0.00",
        "comprovante": "C:/Users/PC-Leleco/Dropbox/Pessoal/ContasPagas\\2025\\06-junho\\energia_maio-148.39.jpg",
        "status": "pago",
        "agente_pagador": null,
        "parcelamento": null,
        "parcela_atual": null,
        "total_parcelas": null,
        "legacy_id": 97,
        "transacao_id": null
    }
},
{
    "model": "core.lancamento",
    "pk": 61,
    "fields": {
        "competencia": 7,
        "conta": 5,
        "descricao": null,
        "valor_previsto": "122.53",
        "valor_pago": "122.53",
        "vencimento": "2025-06-09",
        "data_pagamento": "2025-06-09",
        "juros": "0.00",
        "desconto": "0.00",
        "comprovante": "C:/Users/PC-Leleco/Dropbox/Pessoal/ContasPagas\\2025\\06-junho\\internet-122.53.jpg",
        "status": "pago",
        "agente_pagador": null,
        "parcelamento": null,
        "parcela_atual": null,
        "total_parcelas": null,
        "legacy_id": 98,
        "transacao_id": null
    }
},
{
    "model": "core.lancamento",
    "pk": 62,
    "fields": {
        "competencia": 7,
        "conta": 9,
        "descricao": null,
        "valor_previsto": "1000.00",
        "valor_pago": "1000.00",
        "vencimento": "2025-06-13",
        "data_pagamento": "2025-06-13",
        "juros": "0.00",
        "desconto": "0.00",
        "comprovante": "",
        "status": "pago",
        "agente_pagador": null,
        "parcelamento": null,
        "parcela_atual": null,
        "total_parcelas": null,
        "legacy_id": 135,
        "transacao_id": null
    }
},
{
    "model": "core.lancamento",
    "pk": 63,
    "fields": {
        "competencia": 7,
        "conta": 10,
        "descricao": null,
        "valor_previsto": "121.04",
        "valor_pago": "121.04",
        "vencimento": "2025-06-13",
        "data_pagamento": "2025-06-13",
        "juros": "0.00",
        "desconto": "0.00",
        "comprovante": "C:/Users/PC-Leleco/Dropbox/Pessoal/ContasPagas\\2025\\06-junho\\iptu.pdf",
        "status": "pago",
        "agente_pagador": null,
        "parcelamento": null,
        "parcela_atual": null,
        "total_parcelas": null,
        "legacy_id": 139,
        "transacao_id": null
    }
},
{
    "model": "core.lancamento",
    "pk": 64,
    "fields": {
        "competencia": 7,
        "conta": 22,
        "descricao": null,
        "valor_previsto": "996.75",
        "valor_pago": "996.75",
        "vencimento": "2025-06-11",
        "data_pagamento": "2025-06-11",
        "juros": "0.00",
        "desconto": "0.00",
        "comprovante": "",
        "status": "pago",
        "agente_pagador": null,
        "parcelamento": null,
        "parcela_atual": null,
        "total_parcelas": null,
        "legacy_id": 140,
        "transacao_id": null
    }
},
{
    "model": "core.lancamento",
    "pk": 65,
    "fields": {
        "competencia": 7,
        "conta": 4,
        "descricao": null,
        "valor_previsto": "153.24",
        "valor_pago": "153.24",
        "vencimento": "2025-07-17",
        "data_pagamento": "2025-07-17",
        "juros": "0.00",
        "desconto": "0.00",
        "comprovante": "C:/Users/PC-Leleco/Dropbox/Pessoal/ContasPagas\\2025\\07-julho\\energia_junho.pdf",
        "status": "pago",
        "agente_pagador": null,
        "parcelamento": null,
        "parcela_atual": null,
        "total_parcelas": null,
        "legacy_id": 144,
        "transacao_id": null
    }
},
{
    "model": "core.lancamento",
    "pk": 66,
    "fields": {
        "competencia": 7,
        "conta": 23,
        "descricao": null,
        "valor_previsto": "1500.00",
        "valor_pago": "1500.00",
        "vencimento": "2025-06-18",
        "data_pagamento": "2025-06-18",
        "juros": "0.00",
        "desconto": "0.00",
        "comprovante": "",
        "status": "pago",
        "agente_pagador": null,
        "parcelamento": null,
        "parcela_atual": null,
        "total_parcelas": null,
        "legacy_id": 148,
        "transacao_id": null
    }
},
{
    "model": "core.lancamento",
    "pk": 67,
    "fields": {
        "competencia": 8,
        "conta": 8,
        "descricao": null,
        "valor_previsto": "2933.51",
        "valor_pago": "2933.51",
        "vencimento": "2025-07-17",
        "data_pagamento": "2025-07-17",
        "juros": "0.00",
        "desconto": "0.00",
        "comprovante": "C:/Users/PC-Leleco/Dropbox/Pessoal/ContasPagas\\2025\\07-julho\\nubank5.jpg",
        "status": "pago",
        "agente_pagador": null,
        "parcelamento": null,
        "parcela_atual": null,
        "total_parcelas": null,
        "legacy_id": 141,
        "transacao_id": null
    }
},
{
    "model": "core.lancamento",
    "pk": 68,
    "fields": {
        "competencia": 8,
        "conta": 5,
        "descricao": null,
        "valor_previsto": "119.99",
        "valor_pago": "119.99",
        "vencimento": "2025-07-17",
        "data_pagamento": "2025-07-17",
        "juros": "0.00",
        "desconto": "0.00",
        "comprovante": "C:/Users/PC-Leleco/Dropbox/Pessoal/ContasPagas\\2025\\07-julho\\internet.pdf",
        "status": "pago",
        "agente_pagador": null,
        "parcelamento": null,
        "parcela_atual": null,
        "total_parcelas": null,
        "legacy_id": 142,
        "transacao_id": null
    }
},
{
    "model": "core.lancamento",
    "pk": 69,
    "fields": {
        "competencia": 8,
        "conta": 1,
        "descricao": null,
        "valor_previsto": "177.90",
        "valor_pago": "177.90",
        "vencimento": "2025-07-17",
        "data_pagamento": "2025-07-17",
        "juros": "0.00",
        "desconto": "0.00",
        "comprovante": "C:/Users/PC-Leleco/Dropbox/Pessoal/ContasPagas\\2025\\07-julho\\celular.pdf",
        "status": "pago",
        "agente_pagador": null,
        "parcelamento": null,
        "parcela_atual": null,
        "total_parcelas": null,
        "legacy_id": 143,
        "transacao_id": null
    }
},
{
    "model": "core.lancamento",
    "pk": 70,
    "fields": {
        "competencia": 8,
        "conta": 4,
        "descricao": null,
        "valor_previsto": "222.91",
        "valor_pago": "222.91",
        "vencimento": "2025-07-17",
        "data_pagamento": "2025-07-17",
        "juros": "0.00",
        "desconto": "0.00",
        "comprovante": "C:/Users/PC-Leleco/Dropbox/Pessoal/ContasPagas\\2025\\07-julho\\energia_julho.pdf",
        "status": "pago",
        "agente_pagador": null,
        "parcelamento": null,
        "parcela_atual": null,
        "total_parcelas": null,
        "legacy_id": 145,
        "transacao_id": null
    }
},
{
    "model": "core.lancamento",
    "pk": 71,
    "fields": {
        "competencia": 8,
        "conta": 2,
        "descricao": null,
        "valor_previsto": "456.47",
        "valor_pago": "456.47",
        "vencimento": "2025-07-17",
        "data_pagamento": "2025-07-17",
        "juros": "0.00",
        "desconto": "0.00",
        "comprovante": "C:/Users/PC-Leleco/Dropbox/Pessoal/ContasPagas\\2025\\07-julho\\condominio.pdf",
        "status": "pago",
        "agente_pagador": null,
        "parcelamento": null,
        "parcela_atual": null,
        "total_parcelas": null,
        "legacy_id": 146,
        "transacao_id": null
    }
},
{
    "model": "core.lancamento",
    "pk": 72,
    "fields": {
        "competencia": 8,
        "conta": 9,
        "descricao": null,
        "valor_previsto": "1000.00",
        "valor_pago": "1000.00",
        "vencimento": "2025-07-17",
        "data_pagamento": "2025-07-17",
        "juros": "0.00",
        "desconto": "0.00",
        "comprovante": "C:/Users/PC-Leleco/Dropbox/Pessoal/ContasPagas\\2025\\07-julho\\harley_emprestimo.pdf",
        "status": "pago",
        "agente_pagador": null,
        "parcelamento": null,
        "parcela_atual": null,
        "total_parcelas": null,
        "legacy_id": 147,
        "transacao_id": null
    }
},
{
    "model": "core.lancamento",
    "pk": 73,
    "fields": {
        "competencia": 8,
        "conta": 20,
        "descricao": null,
        "valor_previsto": "300.00",
        "valor_pago": "300.00",
        "vencimento": "2025-07-17",
        "data_pagamento": "2025-07-17",
        "juros": "0.00",
        "desconto": "0.00",
        "comprovante": "",
        "status": "pago",
        "agente_pagador": null,
        "parcelamento": null,
        "parcela_atual": null,
        "total_parcelas": null,
        "legacy_id": 149,
        "transacao_id": null
    }
},
{
    "model": "core.lancamento",
    "pk": 74,
    "fields": {
        "competencia": 8,
        "conta": 3,
        "descricao": null,
        "valor_previsto": "108.16",
        "valor_pago": "108.16",
        "vencimento": "2025-10-20",
        "data_pagamento": "2025-10-20",
        "juros": "0.00",
        "desconto": "0.00",
        "comprovante": "C:/Users/PC-Leleco/Dropbox/Pessoal/ContasPagas\\2025\\10-outubro\\comgaz julho 108-16.pdf",
        "status": "pago",
        "agente_pagador": null,
        "parcelamento": null,
        "parcela_atual": null,
        "total_parcelas": null,
        "legacy_id": 172,
        "transacao_id": null
    }
},
{
    "model": "core.lancamento",
    "pk": 75,
    "fields": {
        "competencia": 9,
        "conta": 8,
        "descricao": null,
        "valor_previsto": "2318.63",
        "valor_pago": "2318.63",
        "vencimento": "2025-08-13",
        "data_pagamento": "2025-08-13",
        "juros": "0.00",
        "desconto": "0.00",
        "comprovante": "C:/Users/PC-Leleco/Dropbox/Pessoal/ContasPagas\\2025\\08-agosto\\nu_bank.jpg",
        "status": "pago",
        "agente_pagador": null,
        "parcelamento": null,
        "parcela_atual": null,
        "total_parcelas": null,
        "legacy_id": 150,
        "transacao_id": null
    }
},
{
    "model": "core.lancamento",
    "pk": 76,
    "fields": {
        "competencia": 9,
        "conta": 5,
        "descricao": null,
        "valor_previsto": "119.99",
        "valor_pago": "119.99",
        "vencimento": "2025-08-13",
        "data_pagamento": "2025-08-13",
        "juros": "0.00",
        "desconto": "0.00",
        "comprovante": "",
        "status": "pago",
        "agente_pagador": null,
        "parcelamento": null,
        "parcela_atual": null,
        "total_parcelas": null,
        "legacy_id": 151,
        "transacao_id": null
    }
},
{
    "model": "core.lancamento",
    "pk": 77,
    "fields": {
        "competencia": 9,
        "conta": 1,
        "descricao": null,
        "valor_previsto": "177.90",
        "valor_pago": "177.90",
        "vencimento": "2025-08-13",
        "data_pagamento": "2025-08-13",
        "juros": "0.00",
        "desconto": "0.00",
        "comprovante": "C:/Users/PC-Leleco/Dropbox/Pessoal/ContasPagas\\2025\\08-agosto\\celular.jpg",
        "status": "pago",
        "agente_pagador": null,
        "parcelamento": null,
        "parcela_atual": null,
        "total_parcelas": null,
        "legacy_id": 152,
        "transacao_id": null
    }
},
{
    "model": "core.lancamento",
    "pk": 78,
    "fields": {
        "competencia": 9,
        "conta": 2,
        "descricao": null,
        "valor_previsto": "494.21",
        "valor_pago": "494.21",
        "vencimento": "2025-08-13",
        "data_pagamento": "2025-08-13",
        "juros": "0.00",
        "desconto": "0.00",
        "comprovante": "C:/Users/PC-Leleco/Dropbox/Pessoal/ContasPagas\\2025\\08-agosto\\ComprovantePagamento_condominio.pdf",
        "status": "pago",
        "agente_pagador": null,
        "parcelamento": null,
        "parcela_atual": null,
        "total_parcelas": null,
        "legacy_id": 153,
        "transacao_id": null
    }
},
{
    "model": "core.lancamento",
    "pk": 79,
    "fields": {
        "competencia": 9,
        "conta": 9,
        "descricao": null,
        "valor_previsto": "1000.00",
        "valor_pago": "1000.00",
        "vencimento": "2025-08-13",
        "data_pagamento": "2025-08-13",
        "juros": "0.00",
        "desconto": "0.00",
        "comprovante": "",
        "status": "pago",
        "agente_pagador": null,
        "parcelamento": null,
        "parcela_atual": null,
        "total_parcelas": null,
        "legacy_id": 154,
        "transacao_id": null
    }
},
{
    "model": "core.lancamento",
    "pk": 80,
    "fields": {
        "competencia": 9,
        "conta": 22,
        "descricao": null,
        "valor_previsto": "900.00",
        "valor_pago": "900.00",
        "vencimento": "2025-08-05",
        "data_pagamento": "2025-08-05",
        "juros": "0.00",
        "desconto": "0.00",
        "comprovante": "",
        "status": "pago",
        "agente_pagador": null,
        "parcelamento": null,
        "parcela_atual": null,
        "total_parcelas": null,
        "legacy_id": 155,
        "transacao_id": null
    }
},
{
    "model": "core.lancamento",
    "pk": 81,
    "fields": {
        "competencia": 9,
        "conta": 10,
        "descricao": null,
        "valor_previsto": "133.78",
        "valor_pago": "133.78",
        "vencimento": "2025-08-13",
        "data_pagamento": "2025-08-13",
        "juros": "0.00",
        "desconto": "0.00",
        "comprovante": "C:/Users/PC-Leleco/Dropbox/Pessoal/ContasPagas\\2025\\08-agosto\\ComprovantePagamento_iptu.pdf",
        "status": "pago",
        "agente_pagador": null,
        "parcelamento": null,
        "parcela_atual": null,
        "total_parcelas": null,
        "legacy_id": 156,
        "transacao_id": null
    }
},
{
    "model": "core.lancamento",
    "pk": 82,
    "fields": {
        "competencia": 9,
        "conta": 3,
        "descricao": null,
        "valor_previsto": "115.59",
        "valor_pago": "115.59",
        "vencimento": "2025-08-22",
        "data_pagamento": "2025-08-22",
        "juros": "0.00",
        "desconto": "0.00",
        "comprovante": "C:/Users/PC-Leleco/Dropbox/Pessoal/ContasPagas\\2025\\08-agosto\\comgaz_08.pdf",
        "status": "pago",
        "agente_pagador": null,
        "parcelamento": null,
        "parcela_atual": null,
        "total_parcelas": null,
        "legacy_id": 166,
        "transacao_id": null
    }
},
{
    "model": "core.lancamento",
    "pk": 83,
    "fields": {
        "competencia": 9,
        "conta": 4,
        "descricao": null,
        "valor_previsto": "210.98",
        "valor_pago": "210.98",
        "vencimento": "2025-08-22",
        "data_pagamento": "2025-08-22",
        "juros": "0.00",
        "desconto": "0.00",
        "comprovante": "C:/Users/PC-Leleco/Dropbox/Pessoal/ContasPagas\\2025\\08-agosto\\energia_08.jpg",
        "status": "pago",
        "agente_pagador": null,
        "parcelamento": null,
        "parcela_atual": null,
        "total_parcelas": null,
        "legacy_id": 167,
        "transacao_id": null
    }
},
{
    "model": "core.lancamento",
    "pk": 84,
    "fields": {
        "competencia": 10,
        "conta": 8,
        "descricao": null,
        "valor_previsto": "3278.94",
        "valor_pago": "3278.94",
        "vencimento": "2025-09-17",
        "data_pagamento": "2025-09-17",
        "juros": "0.00",
        "desconto": "0.00",
        "comprovante": "C:/Users/PC-Leleco/Dropbox/Pessoal/ContasPagas\\2025\\09-setembro\\cartao nu bank.pdf",
        "status": "pago",
        "agente_pagador": null,
        "parcelamento": null,
        "parcela_atual": null,
        "total_parcelas": null,
        "legacy_id": 157,
        "transacao_id": null
    }
},
{
    "model": "core.lancamento",
    "pk": 85,
    "fields": {
        "competencia": 10,
        "conta": 5,
        "descricao": null,
        "valor_previsto": "119.99",
        "valor_pago": "119.99",
        "vencimento": "2025-09-17",
        "data_pagamento": "2025-09-17",
        "juros": "0.00",
        "desconto": "0.00",
        "comprovante": "C:/Users/PC-Leleco/Dropbox/Pessoal/ContasPagas\\2025\\09-setembro\\internet.pdf",
        "status": "pago",
        "agente_pagador": null,
        "parcelamento": null,
        "parcela_atual": null,
        "total_parcelas": null,
        "legacy_id": 158,
        "transacao_id": null
    }
},
{
    "model": "core.lancamento",
    "pk": 86,
    "fields": {
        "competencia": 10,
        "conta": 1,
        "descricao": null,
        "valor_previsto": "177.90",
        "valor_pago": "177.90",
        "vencimento": "2025-09-17",
        "data_pagamento": "2025-09-17",
        "juros": "0.00",
        "desconto": "0.00",
        "comprovante": "C:/Users/PC-Leleco/Dropbox/Pessoal/ContasPagas\\2025\\09-setembro\\celular.pdf",
        "status": "pago",
        "agente_pagador": null,
        "parcelamento": null,
        "parcela_atual": null,
        "total_parcelas": null,
        "legacy_id": 159,
        "transacao_id": null
    }
},
{
    "model": "core.lancamento",
    "pk": 87,
    "fields": {
        "competencia": 10,
        "conta": 4,
        "descricao": null,
        "valor_previsto": "242.60",
        "valor_pago": "242.60",
        "vencimento": "2025-09-17",
        "data_pagamento": "2025-09-17",
        "juros": "0.00",
        "desconto": "0.00",
        "comprovante": "C:/Users/PC-Leleco/Dropbox/Pessoal/ContasPagas\\2025\\09-setembro\\energia.pdf",
        "status": "pago",
        "agente_pagador": null,
        "parcelamento": null,
        "parcela_atual": null,
        "total_parcelas": null,
        "legacy_id": 160,
        "transacao_id": null
    }
},
{
    "model": "core.lancamento",
    "pk": 88,
    "fields": {
        "competencia": 10,
        "conta": 3,
        "descricao": null,
        "valor_previsto": "99.60",
        "valor_pago": "99.60",
        "vencimento": "2025-09-17",
        "data_pagamento": "2025-09-17",
        "juros": "0.00",
        "desconto": "0.00",
        "comprovante": "C:/Users/PC-Leleco/Dropbox/Pessoal/ContasPagas\\2025\\09-setembro\\comgaz.pdf",
        "status": "pago",
        "agente_pagador": null,
        "parcelamento": null,
        "parcela_atual": null,
        "total_parcelas": null,
        "legacy_id": 161,
        "transacao_id": null
    }
},
{
    "model": "core.lancamento",
    "pk": 89,
    "fields": {
        "competencia": 10,
        "conta": 2,
        "descricao": null,
        "valor_previsto": "503.17",
        "valor_pago": "503.17",
        "vencimento": "2025-09-17",
        "data_pagamento": "2025-09-17",
        "juros": "0.00",
        "desconto": "0.00",
        "comprovante": "C:/Users/PC-Leleco/Dropbox/Pessoal/ContasPagas\\2025\\09-setembro\\condominio.pdf",
        "status": "pago",
        "agente_pagador": null,
        "parcelamento": null,
        "parcela_atual": null,
        "total_parcelas": null,
        "legacy_id": 162,
        "transacao_id": null
    }
},
{
    "model": "core.lancamento",
    "pk": 90,
    "fields": {
        "competencia": 10,
        "conta": 9,
        "descricao": null,
        "valor_previsto": "1000.00",
        "valor_pago": "1000.00",
        "vencimento": "2025-09-17",
        "data_pagamento": "2025-09-17",
        "juros": "0.00",
        "desconto": "0.00",
        "comprovante": "C:/Users/PC-Leleco/Dropbox/Pessoal/ContasPagas\\2025\\09-setembro\\harley.pdf",
        "status": "pago",
        "agente_pagador": null,
        "parcelamento": null,
        "parcela_atual": null,
        "total_parcelas": null,
        "legacy_id": 163,
        "transacao_id": null
    }
},
{
    "model": "core.lancamento",
    "pk": 91,
    "fields": {
        "competencia": 10,
        "conta": 10,
        "descricao": null,
        "valor_previsto": "121.04",
        "valor_pago": "121.04",
        "vencimento": "2025-09-17",
        "data_pagamento": "2025-09-17",
        "juros": "0.00",
        "desconto": "0.00",
        "comprovante": "C:/Users/PC-Leleco/Dropbox/Pessoal/ContasPagas\\2025\\09-setembro\\iptu.pdf",
        "status": "pago",
        "agente_pagador": null,
        "parcelamento": null,
        "parcela_atual": null,
        "total_parcelas": null,
        "legacy_id": 164,
        "transacao_id": null
    }
},
{
    "model": "core.lancamento",
    "pk": 92,
    "fields": {
        "competencia": 10,
        "conta": 24,
        "descricao": null,
        "valor_previsto": "2750.00",
        "valor_pago": "2750.00",
        "vencimento": "2025-09-09",
        "data_pagamento": "2025-09-09",
        "juros": "0.00",
        "desconto": "0.00",
        "comprovante": "C:/Users/PC-Leleco/Dropbox/Pessoal/ContasPagas\\2025\\09-setembro\\sandero_pintura_1.pdf",
        "status": "pago",
        "agente_pagador": null,
        "parcelamento": null,
        "parcela_atual": null,
        "total_parcelas": null,
        "legacy_id": 165,
        "transacao_id": null
    }
},
{
    "model": "core.lancamento",
    "pk": 93,
    "fields": {
        "competencia": 10,
        "conta": 24,
        "descricao": null,
        "valor_previsto": "2750.00",
        "valor_pago": "2750.00",
        "vencimento": "2025-09-26",
        "data_pagamento": "2025-09-26",
        "juros": "0.00",
        "desconto": "0.00",
        "comprovante": "C:/Users/PC-Leleco/Dropbox/Pessoal/ContasPagas\\2025\\09-setembro\\Pintura carro 2750 26-09-2025.pdf",
        "status": "pago",
        "agente_pagador": null,
        "parcelamento": null,
        "parcela_atual": null,
        "total_parcelas": null,
        "legacy_id": 174,
        "transacao_id": null
    }
},
{
    "model": "core.lancamento",
    "pk": 94,
    "fields": {
        "competencia": 11,
        "conta": 5,
        "descricao": null,
        "valor_previsto": "119.99",
        "valor_pago": "119.99",
        "vencimento": "2025-10-20",
        "data_pagamento": "2025-10-20",
        "juros": "0.00",
        "desconto": "0.00",
        "comprovante": "C:/Users/PC-Leleco/Dropbox/Pessoal/ContasPagas\\2025\\10-outubro\\internet-119-99pdf.pdf",
        "status": "pago",
        "agente_pagador": null,
        "parcelamento": null,
        "parcela_atual": null,
        "total_parcelas": null,
        "legacy_id": 168,
        "transacao_id": null
    }
},
{
    "model": "core.lancamento",
    "pk": 95,
    "fields": {
        "competencia": 11,
        "conta": 1,
        "descricao": null,
        "valor_previsto": "183.00",
        "valor_pago": "183.00",
        "vencimento": "2025-10-20",
        "data_pagamento": "2025-10-20",
        "juros": "0.00",
        "desconto": "0.00",
        "comprovante": "C:/Users/PC-Leleco/Dropbox/Pessoal/ContasPagas\\2025\\10-outubro\\celular-183-00.pdf",
        "status": "pago",
        "agente_pagador": null,
        "parcelamento": null,
        "parcela_atual": null,
        "total_parcelas": null,
        "legacy_id": 169,
        "transacao_id": null
    }
},
{
    "model": "core.lancamento",
    "pk": 96,
    "fields": {
        "competencia": 11,
        "conta": 4,
        "descricao": null,
        "valor_previsto": "242.85",
        "valor_pago": "242.85",
        "vencimento": "2025-10-20",
        "data_pagamento": "2025-10-20",
        "juros": "0.00",
        "desconto": "0.00",
        "comprovante": "",
        "status": "pago",
        "agente_pagador": null,
        "parcelamento": null,
        "parcela_atual": null,
        "total_parcelas": null,
        "legacy_id": 170,
        "transacao_id": null
    }
},
{
    "model": "core.lancamento",
    "pk": 97,
    "fields": {
        "competencia": 11,
        "conta": 3,
        "descricao": null,
        "valor_previsto": "128.55",
        "valor_pago": "128.55",
        "vencimento": "2025-10-20",
        "data_pagamento": "2025-10-20",
        "juros": "0.00",
        "desconto": "0.00",
        "comprovante": "C:/Users/PC-Leleco/Dropbox/Pessoal/ContasPagas\\2025\\10-outubro\\comgaz-128-55.pdf",
        "status": "pago",
        "agente_pagador": null,
        "parcelamento": null,
        "parcela_atual": null,
        "total_parcelas": null,
        "legacy_id": 171,
        "transacao_id": null
    }
},
{
    "model": "core.lancamento",
    "pk": 98,
    "fields": {
        "competencia": 11,
        "conta": 9,
        "descricao": null,
        "valor_previsto": "1000.00",
        "valor_pago": "1000.00",
        "vencimento": "2025-10-20",
        "data_pagamento": "2025-10-20",
        "juros": "0.00",
        "desconto": "0.00",
        "comprovante": "C:/Users/PC-Leleco/Dropbox/Pessoal/ContasPagas\\2025\\10-outubro\\harley-1000.pdf",
        "status": "pago",
        "agente_pagador": null,
        "parcelamento": null,
        "parcela_atual": null,
        "total_parcelas": null,
        "legacy_id": 173,
        "transacao_id": null
    }
},
{
    "model": "core.lancamento",
    "pk": 99,
    "fields": {
        "competencia": 11,
        "conta": 24,
        "descricao": null,
        "valor_previsto": "1400.00",
        "valor_pago": "1400.00",
        "vencimento": "2025-10-04",
        "data_pagamento": "2025-10-04",
        "juros": "0.00",
        "desconto": "0.00",
        "comprovante": "C:/Users/PC-Leleco/Dropbox/Pessoal/ContasPagas\\2025\\10-outubro\\Média center 1400.pdf",
        "status": "pago",
        "agente_pagador": null,
        "parcelamento": null,
        "parcela_atual": null,
        "total_parcelas": null,
        "legacy_id": 175,
        "transacao_id": null
    }
},
{
    "model": "core.lancamento",
    "pk": 100,
    "fields": {
        "competencia": 11,
        "conta": 8,
        "descricao": null,
        "valor_previsto": "2447.14",
        "valor_pago": "2447.14",
        "vencimento": "2025-10-20",
        "data_pagamento": "2025-10-20",
        "juros": "0.00",
        "desconto": "0.00",
        "comprovante": "C:/Users/PC-Leleco/Dropbox/Pessoal/ContasPagas\\2025\\10-outubro\\cartao nu - 2447.14.jpg",
        "status": "pago",
        "agente_pagador": null,
        "parcelamento": null,
        "parcela_atual": null,
        "total_parcelas": null,
        "legacy_id": 176,
        "transacao_id": null
    }
},
{
    "model": "core.lancamento",
    "pk": 101,
    "fields": {
        "competencia": 11,
        "conta": 2,
        "descricao": null,
        "valor_previsto": "507.56",
        "valor_pago": "507.56",
        "vencimento": "2025-10-20",
        "data_pagamento": "2025-10-20",
        "juros": "0.00",
        "desconto": "0.00",
        "comprovante": "C:/Users/PC-Leleco/Dropbox/Pessoal/ContasPagas\\2025\\10-outubro\\Condomínio 507,56.pdf",
        "status": "pago",
        "agente_pagador": null,
        "parcelamento": null,
        "parcela_atual": null,
        "total_parcelas": null,
        "legacy_id": 177,
        "transacao_id": null
    }
},
{
    "model": "core.lancamento",
    "pk": 102,
    "fields": {
        "competencia": 11,
        "conta": 10,
        "descricao": null,
        "valor_previsto": "121.04",
        "valor_pago": "121.04",
        "vencimento": "2025-10-20",
        "data_pagamento": "2025-10-20",
        "juros": "0.00",
        "desconto": "0.00",
        "comprovante": "C:/Users/PC-Leleco/Dropbox/Pessoal/ContasPagas\\2025\\10-outubro\\iptu 121.04.pdf",
        "status": "pago",
        "agente_pagador": null,
        "parcelamento": null,
        "parcela_atual": null,
        "total_parcelas": null,
        "legacy_id": 178,
        "transacao_id": null
    }
},
{
    "model": "core.lancamento",
    "pk": 103,
    "fields": {
        "competencia": 12,
        "conta": 25,
        "descricao": null,
        "valor_previsto": "180.00",
        "valor_pago": "180.00",
        "vencimento": "2025-11-25",
        "data_pagamento": "2025-11-25",
        "juros": "0.00",
        "desconto": "0.00",
        "comprovante": "C:/Users/PC-Leleco/Dropbox/Pessoal/ContasPagas\\2025\\11-novembro\\Comprovante.pdf",
        "status": "pago",
        "agente_pagador": null,
        "parcelamento": null,
        "parcela_atual": null,
        "total_parcelas": null,
        "legacy_id": 179,
        "transacao_id": null
    }
},
{
    "model": "core.lancamento",
    "pk": 104,
    "fields": {
        "competencia": 12,
        "conta": 5,
        "descricao": null,
        "valor_previsto": "122.48",
        "valor_pago": "122.48",
        "vencimento": "2025-11-17",
        "data_pagamento": "2025-11-17",
        "juros": "0.00",
        "desconto": "0.00",
        "comprovante": "C:/Users/PC-Leleco/Dropbox/Pessoal/ContasPagas\\2025\\11-novembro\\Comprovante (3).pdf",
        "status": "pago",
        "agente_pagador": null,
        "parcelamento": null,
        "parcela_atual": null,
        "total_parcelas": null,
        "legacy_id": 180,
        "transacao_id": null
    }
},
{
    "model": "core.lancamento",
    "pk": 105,
    "fields": {
        "competencia": 12,
        "conta": 1,
        "descricao": null,
        "valor_previsto": "186.82",
        "valor_pago": "186.82",
        "vencimento": "2025-11-17",
        "data_pagamento": "2025-11-17",
        "juros": "0.00",
        "desconto": "0.00",
        "comprovante": "C:/Users/PC-Leleco/Dropbox/Pessoal/ContasPagas\\2025\\11-novembro\\Comprovante (2).pdf",
        "status": "pago",
        "agente_pagador": null,
        "parcelamento": null,
        "parcela_atual": null,
        "total_parcelas": null,
        "legacy_id": 181,
        "transacao_id": null
    }
},
{
    "model": "core.lancamento",
    "pk": 106,
    "fields": {
        "competencia": 12,
        "conta": 8,
        "descricao": null,
        "valor_previsto": "1649.15",
        "valor_pago": "1649.15",
        "vencimento": "2025-11-17",
        "data_pagamento": "2025-11-17",
        "juros": "0.00",
        "desconto": "0.00",
        "comprovante": "C:/Users/PC-Leleco/Dropbox/Pessoal/ContasPagas\\2025\\11-novembro\\WhatsApp Image 2025-11-17 at 18.29.13.jpeg",
        "status": "pago",
        "agente_pagador": null,
        "parcelamento": null,
        "parcela_atual": null,
        "total_parcelas": null,
        "legacy_id": 182,
        "transacao_id": null
    }
},
{
    "model": "core.lancamento",
    "pk": 107,
    "fields": {
        "competencia": 12,
        "conta": 25,
        "descricao": null,
        "valor_previsto": "429.00",
        "valor_pago": "429.00",
        "vencimento": "2025-11-16",
        "data_pagamento": "2025-11-16",
        "juros": "0.00",
        "desconto": "0.00",
        "comprovante": "C:/Users/PC-Leleco/Dropbox/Pessoal/ContasPagas\\2025\\11-novembro\\Comprovante (1).pdf",
        "status": "pago",
        "agente_pagador": null,
        "parcelamento": null,
        "parcela_atual": null,
        "total_parcelas": null,
        "legacy_id": 183,
        "transacao_id": null
    }
},
{
    "model": "core.lancamento",
    "pk": 108,
    "fields": {
        "competencia": 12,
        "conta": 26,
        "descricao": null,
        "valor_previsto": "500.00",
        "valor_pago": "500.00",
        "vencimento": "2025-11-07",
        "data_pagamento": "2025-11-07",
        "juros": "0.00",
        "desconto": "0.00",
        "comprovante": "C:/Users/PC-Leleco/Dropbox/Pessoal/ContasPagas\\2025\\11-novembro\\Comprovante (4).pdf",
        "status": "pago",
        "agente_pagador": null,
        "parcelamento": null,
        "parcela_atual": null,
        "total_parcelas": null,
        "legacy_id": 184,
        "transacao_id": null
    }
},
{
    "model": "core.lancamento",
    "pk": 109,
    "fields": {
        "competencia": 12,
        "conta": 25,
        "descricao": null,
        "valor_previsto": "400.00",
        "valor_pago": "400.00",
        "vencimento": "2025-11-07",
        "data_pagamento": "2025-11-07",
        "juros": "0.00",
        "desconto": "0.00",
        "comprovante": "C:/Users/PC-Leleco/Dropbox/Pessoal/ContasPagas\\2025\\11-novembro\\Comprovante (5).pdf",
        "status": "pago",
        "agente_pagador": null,
        "parcelamento": null,
        "parcela_atual": null,
        "total_parcelas": null,
        "legacy_id": 185,
        "transacao_id": null
    }
},
{
    "model": "core.lancamento",
    "pk": 110,
    "fields": {
        "competencia": 12,
        "conta": 3,
        "descricao": null,
        "valor_previsto": "98.05",
        "valor_pago": "98.05",
        "vencimento": "2025-11-07",
        "data_pagamento": "2025-11-07",
        "juros": "0.00",
        "desconto": "0.00",
        "comprovante": "C:/Users/PC-Leleco/Dropbox/Pessoal/ContasPagas\\2025\\11-novembro\\ComprovantePagamento.pdf",
        "status": "pago",
        "agente_pagador": null,
        "parcelamento": null,
        "parcela_atual": null,
        "total_parcelas": null,
        "legacy_id": 186,
        "transacao_id": null
    }
},
{
    "model": "core.lancamento",
    "pk": 111,
    "fields": {
        "competencia": 13,
        "conta": 9,
        "descricao": null,
        "valor_previsto": "1000.00",
        "valor_pago": "1000.00",
        "vencimento": "2025-12-19",
        "data_pagamento": "2025-12-19",
        "juros": "0.00",
        "desconto": "0.00",
        "comprovante": "",
        "status": "pago",
        "agente_pagador": null,
        "parcelamento": null,
        "parcela_atual": null,
        "total_parcelas": null,
        "legacy_id": 187,
        "transacao_id": null
    }
},
{
    "model": "core.lancamento",
    "pk": 112,
    "fields": {
        "competencia": 13,
        "conta": 3,
        "descricao": null,
        "valor_previsto": "89.41",
        "valor_pago": "89.41",
        "vencimento": "2025-12-19",
        "data_pagamento": "2025-12-19",
        "juros": "0.00",
        "desconto": "0.00",
        "comprovante": "C:/Users/PC-Leleco/Dropbox/Pessoal/ContasPagas\\2025\\12-dezembro\\Comprovante (15).pdf",
        "status": "pago",
        "agente_pagador": null,
        "parcelamento": null,
        "parcela_atual": null,
        "total_parcelas": null,
        "legacy_id": 188,
        "transacao_id": null
    }
},
{
    "model": "core.lancamento",
    "pk": 113,
    "fields": {
        "competencia": 13,
        "conta": 4,
        "descricao": null,
        "valor_previsto": "225.31",
        "valor_pago": "225.31",
        "vencimento": "2025-12-19",
        "data_pagamento": "2025-12-19",
        "juros": "0.00",
        "desconto": "0.00",
        "comprovante": "C:/Users/PC-Leleco/Dropbox/Pessoal/ContasPagas\\2025\\12-dezembro\\Comprovante (16).pdf",
        "status": "pago",
        "agente_pagador": null,
        "parcelamento": null,
        "parcela_atual": null,
        "total_parcelas": null,
        "legacy_id": 189,
        "transacao_id": null
    }
},
{
    "model": "core.lancamento",
    "pk": 114,
    "fields": {
        "competencia": 13,
        "conta": 2,
        "descricao": null,
        "valor_previsto": "663.24",
        "valor_pago": "663.24",
        "vencimento": "2025-12-19",
        "data_pagamento": "2025-12-19",
        "juros": "0.00",
        "desconto": "0.00",
        "comprovante": "C:/Users/PC-Leleco/Dropbox/Pessoal/ContasPagas\\2025\\12-dezembro\\ComprovantePagamento (3).pdf",
        "status": "pago",
        "agente_pagador": null,
        "parcelamento": null,
        "parcela_atual": null,
        "total_parcelas": null,
        "legacy_id": 190,
        "transacao_id": null
    }
},
{
    "model": "core.lancamento",
    "pk": 115,
    "fields": {
        "competencia": 13,
        "conta": 8,
        "descricao": null,
        "valor_previsto": "3699.26",
        "valor_pago": "3699.26",
        "vencimento": "2025-12-19",
        "data_pagamento": "2025-12-19",
        "juros": "0.00",
        "desconto": "0.00",
        "comprovante": "C:/Users/PC-Leleco/Dropbox/Pessoal/ContasPagas\\2025\\12-dezembro\\WhatsApp Image 2025-12-19 at 07.22.03.jpeg",
        "status": "pago",
        "agente_pagador": null,
        "parcelamento": null,
        "parcela_atual": null,
        "total_parcelas": null,
        "legacy_id": 191,
        "transacao_id": null
    }
},
{
    "model": "core.lancamento",
    "pk": 116,
    "fields": {
        "competencia": 13,
        "conta": 1,
        "descricao": null,
        "valor_previsto": "183.00",
        "valor_pago": "183.00",
        "vencimento": "2025-12-19",
        "data_pagamento": "2025-12-19",
        "juros": "0.00",
        "desconto": "0.00",
        "comprovante": "C:/Users/PC-Leleco/Dropbox/Pessoal/ContasPagas\\2025\\12-dezembro\\Comprovante (17).pdf",
        "status": "pago",
        "agente_pagador": null,
        "parcelamento": null,
        "parcela_atual": null,
        "total_parcelas": null,
        "legacy_id": 192,
        "transacao_id": null
    }
},
{
    "model": "core.lancamento",
    "pk": 117,
    "fields": {
        "competencia": 13,
        "conta": 5,
        "descricao": null,
        "valor_previsto": "119.99",
        "valor_pago": "119.99",
        "vencimento": "2025-12-19",
        "data_pagamento": "2025-12-19",
        "juros": "0.00",
        "desconto": "0.00",
        "comprovante": "C:/Users/PC-Leleco/Dropbox/Pessoal/ContasPagas\\2025\\12-dezembro\\Comprovante (18).pdf",
        "status": "pago",
        "agente_pagador": null,
        "parcelamento": null,
        "parcela_atual": null,
        "total_parcelas": null,
        "legacy_id": 193,
        "transacao_id": null
    }
},
{
    "model": "core.lancamento",
    "pk": 118,
    "fields": {
        "competencia": 14,
        "conta": 1,
        "descricao": null,
        "valor_previsto": "186.70",
        "valor_pago": "186.70",
        "vencimento": "2026-01-15",
        "data_pagamento": "2026-01-15",
        "juros": "0.00",
        "desconto": "0.00",
        "comprovante": "C:/Users/PC-Leleco/Dropbox/Pessoal/ContasPagas\\2026\\01-janeiro\\celular186-70.jpeg",
        "status": "pago",
        "agente_pagador": null,
        "parcelamento": null,
        "parcela_atual": null,
        "total_parcelas": null,
        "legacy_id": 194,
        "transacao_id": null
    }
},
{
    "model": "core.lancamento",
    "pk": 119,
    "fields": {
        "competencia": 14,
        "conta": 5,
        "descricao": null,
        "valor_previsto": "122.41",
        "valor_pago": "122.41",
        "vencimento": "2026-01-15",
        "data_pagamento": "2026-01-15",
        "juros": "0.00",
        "desconto": "0.00",
        "comprovante": "C:/Users/PC-Leleco/Dropbox/Pessoal/ContasPagas\\2026\\01-janeiro\\internet-122-41.jpeg",
        "status": "pago",
        "agente_pagador": null,
        "parcelamento": null,
        "parcela_atual": null,
        "total_parcelas": null,
        "legacy_id": 195,
        "transacao_id": null
    }
},
{
    "model": "core.lancamento",
    "pk": 120,
    "fields": {
        "competencia": 14,
        "conta": 8,
        "descricao": null,
        "valor_previsto": "2872.64",
        "valor_pago": "2872.64",
        "vencimento": "2026-01-15",
        "data_pagamento": "2026-01-15",
        "juros": "0.00",
        "desconto": "0.00",
        "comprovante": "C:/Users/PC-Leleco/Dropbox/Pessoal/ContasPagas\\2026\\01-janeiro\\cartao-nu-2872-64.jpeg",
        "status": "pago",
        "agente_pagador": null,
        "parcelamento": null,
        "parcela_atual": null,
        "total_parcelas": null,
        "legacy_id": 196,
        "transacao_id": null
    }
},
{
    "model": "core.lancamento",
    "pk": 121,
    "fields": {
        "competencia": 14,
        "conta": 2,
        "descricao": null,
        "valor_previsto": "565.47",
        "valor_pago": "565.47",
        "vencimento": "2026-01-15",
        "data_pagamento": "2026-01-15",
        "juros": "0.00",
        "desconto": "0.00",
        "comprovante": "C:/Users/PC-Leleco/Dropbox/Pessoal/ContasPagas\\2026\\01-janeiro\\condominio565-47pdf.pdf",
        "status": "pago",
        "agente_pagador": null,
        "parcelamento": null,
        "parcela_atual": null,
        "total_parcelas": null,
        "legacy_id": 197,
        "transacao_id": null
    }
},
{
    "model": "core.lancamento",
    "pk": 122,
    "fields": {
        "competencia": 14,
        "conta": 9,
        "descricao": null,
        "valor_previsto": "1000.00",
        "valor_pago": "1000.00",
        "vencimento": "2026-01-15",
        "data_pagamento": "2026-01-15",
        "juros": "0.00",
        "desconto": "0.00",
        "comprovante": "C:/Users/PC-Leleco/Dropbox/Pessoal/ContasPagas\\2026\\01-janeiro\\harley.1000pdf.pdf",
        "status": "pago",
        "agente_pagador": null,
        "parcelamento": null,
        "parcela_atual": null,
        "total_parcelas": null,
        "legacy_id": 198,
        "transacao_id": null
    }
},
{
    "model": "core.lancamento",
    "pk": 123,
    "fields": {
        "competencia": 14,
        "conta": 27,
        "descricao": null,
        "valor_previsto": "139.46",
        "valor_pago": "139.46",
        "vencimento": "2026-01-15",
        "data_pagamento": "2026-01-15",
        "juros": "0.00",
        "desconto": "0.00",
        "comprovante": "C:/Users/PC-Leleco/Dropbox/Pessoal/ContasPagas\\2026\\01-janeiro\\iptu-139-46.pdf",
        "status": "pago",
        "agente_pagador": null,
        "parcelamento": null,
        "parcela_atual": null,
        "total_parcelas": null,
        "legacy_id": 199,
        "transacao_id": null
    }
},
{
    "model": "core.lancamento",
    "pk": 124,
    "fields": {
        "competencia": 14,
        "conta": 4,
        "descricao": null,
        "valor_previsto": "279.54",
        "valor_pago": "279.54",
        "vencimento": "2026-01-15",
        "data_pagamento": "2026-01-15",
        "juros": "0.00",
        "desconto": "0.00",
        "comprovante": "C:/Users/PC-Leleco/Dropbox/Pessoal/ContasPagas\\2026\\01-janeiro\\enel-279-54.jpeg",
        "status": "pago",
        "agente_pagador": null,
        "parcelamento": null,
        "parcela_atual": null,
        "total_parcelas": null,
        "legacy_id": 200,
        "transacao_id": null
    }
},
{
    "model": "core.lancamento",
    "pk": 125,
    "fields": {
        "competencia": 14,
        "conta": 3,
        "descricao": null,
        "valor_previsto": "81.85",
        "valor_pago": "81.85",
        "vencimento": "2026-01-15",
        "data_pagamento": "2026-01-15",
        "juros": "0.00",
        "desconto": "0.00",
        "comprovante": "",
        "status": "pago",
        "agente_pagador": null,
        "parcelamento": null,
        "parcela_atual": null,
        "total_parcelas": null,
        "legacy_id": 201,
        "transacao_id": null
    }
},
{
    "model": "core.lancamento",
    "pk": 126,
    "fields": {
        "competencia": 15,
        "conta": 1,
        "descricao": null,
        "valor_previsto": "183.00",
        "valor_pago": "183.00",
        "vencimento": "2026-02-27",
        "data_pagamento": "2026-02-27",
        "juros": "0.00",
        "desconto": "0.00",
        "comprovante": "C:/Users/PC-Leleco/Dropbox/Pessoal/ContasPagas\\2026\\02-fevereiro\\Celular 183.jpeg",
        "status": "pago",
        "agente_pagador": null,
        "parcelamento": null,
        "parcela_atual": null,
        "total_parcelas": null,
        "legacy_id": 202,
        "transacao_id": null
    }
},
{
    "model": "core.lancamento",
    "pk": 127,
    "fields": {
        "competencia": 15,
        "conta": 5,
        "descricao": null,
        "valor_previsto": "199.99",
        "valor_pago": "199.99",
        "vencimento": "2026-02-27",
        "data_pagamento": "2026-02-27",
        "juros": "0.00",
        "desconto": "0.00",
        "comprovante": "C:/Users/PC-Leleco/Dropbox/Pessoal/ContasPagas\\2026\\02-fevereiro\\internet 119,99.jpeg",
        "status": "pago",
        "agente_pagador": null,
        "parcelamento": null,
        "parcela_atual": null,
        "total_parcelas": null,
        "legacy_id": 203,
        "transacao_id": null
    }
},
{
    "model": "core.lancamento",
    "pk": 128,
    "fields": {
        "competencia": 15,
        "conta": 8,
        "descricao": null,
        "valor_previsto": "2293.00",
        "valor_pago": "2293.00",
        "vencimento": "2026-02-27",
        "data_pagamento": "2026-02-27",
        "juros": "0.00",
        "desconto": "0.00",
        "comprovante": "C:/Users/PC-Leleco/Dropbox/Pessoal/ContasPagas\\2026\\02-fevereiro\\Cartao nu. 2.293,00.jpeg",
        "status": "pago",
        "agente_pagador": null,
        "parcelamento": null,
        "parcela_atual": null,
        "total_parcelas": null,
        "legacy_id": 204,
        "transacao_id": null
    }
},
{
    "model": "core.lancamento",
    "pk": 129,
    "fields": {
        "competencia": 15,
        "conta": 4,
        "descricao": null,
        "valor_previsto": "242.07",
        "valor_pago": "242.07",
        "vencimento": "2026-02-27",
        "data_pagamento": "2026-02-27",
        "juros": "0.00",
        "desconto": "0.00",
        "comprovante": "C:/Users/PC-Leleco/Dropbox/Pessoal/ContasPagas\\2026\\02-fevereiro\\Enel 242.07.jpeg",
        "status": "pago",
        "agente_pagador": null,
        "parcelamento": null,
        "parcela_atual": null,
        "total_parcelas": null,
        "legacy_id": 205,
        "transacao_id": null
    }
},
{
    "model": "core.lancamento",
    "pk": 130,
    "fields": {
        "competencia": 15,
        "conta": 3,
        "descricao": null,
        "valor_previsto": "65.22",
        "valor_pago": "65.22",
        "vencimento": "2026-02-27",
        "data_pagamento": "2026-02-27",
        "juros": "0.00",
        "desconto": "0.00",
        "comprovante": "C:/Users/PC-Leleco/Dropbox/Pessoal/ContasPagas\\2026\\02-fevereiro\\GAZ_MES_2_65-22.jpeg",
        "status": "pago",
        "agente_pagador": null,
        "parcelamento": null,
        "parcela_atual": null,
        "total_parcelas": null,
        "legacy_id": 206,
        "transacao_id": null
    }
},
{
    "model": "core.lancamento",
    "pk": 131,
    "fields": {
        "competencia": 15,
        "conta": 2,
        "descricao": null,
        "valor_previsto": "513.17",
        "valor_pago": "513.17",
        "vencimento": "2026-02-27",
        "data_pagamento": "2026-02-27",
        "juros": "0.00",
        "desconto": "0.00",
        "comprovante": "C:/Users/PC-Leleco/Dropbox/Pessoal/ContasPagas\\2026\\02-fevereiro\\Condomínio 513.17.jpeg",
        "status": "pago",
        "agente_pagador": null,
        "parcelamento": null,
        "parcela_atual": null,
        "total_parcelas": null,
        "legacy_id": 207,
        "transacao_id": null
    }
},
{
    "model": "core.lancamento",
    "pk": 132,
    "fields": {
        "competencia": 15,
        "conta": 20,
        "descricao": null,
        "valor_previsto": "150.00",
        "valor_pago": "150.00",
        "vencimento": "2026-02-27",
        "data_pagamento": "2026-02-27",
        "juros": "0.00",
        "desconto": "0.00",
        "comprovante": "",
        "status": "pago",
        "agente_pagador": null,
        "parcelamento": null,
        "parcela_atual": null,
        "total_parcelas": null,
        "legacy_id": 208,
        "transacao_id": null
    }
},
{
    "model": "core.lancamento",
    "pk": 133,
    "fields": {
        "competencia": 15,
        "conta": 20,
        "descricao": null,
        "valor_previsto": "1170.00",
        "valor_pago": "1170.00",
        "vencimento": "2026-02-15",
        "data_pagamento": "2026-02-15",
        "juros": "0.00",
        "desconto": "0.00",
        "comprovante": "",
        "status": "pago",
        "agente_pagador": null,
        "parcelamento": null,
        "parcela_atual": null,
        "total_parcelas": null,
        "legacy_id": 209,
        "transacao_id": null
    }
},
{
    "model": "core.lancamento",
    "pk": 134,
    "fields": {
        "competencia": 15,
        "conta": 27,
        "descricao": null,
        "valor_previsto": "141.95",
        "valor_pago": "141.95",
        "vencimento": "2026-04-15",
        "data_pagamento": "2026-04-15",
        "juros": "0.00",
        "desconto": "0.00",
        "comprovante": "C:/Users/PC-Leleco/Dropbox/Pessoal/ContasPagas\\2026\\04-abril\\iptu3.pdf",
        "status": "pago",
        "agente_pagador": null,
        "parcelamento": null,
        "parcela_atual": null,
        "total_parcelas": null,
        "legacy_id": 223,
        "transacao_id": null
    }
},
{
    "model": "core.lancamento",
    "pk": 135,
    "fields": {
        "competencia": 16,
        "conta": 1,
        "descricao": null,
        "valor_previsto": "187.19",
        "valor_pago": "187.19",
        "vencimento": "2026-03-20",
        "data_pagamento": "2026-03-20",
        "juros": "0.00",
        "desconto": "0.00",
        "comprovante": "C:/Users/PC-Leleco/Dropbox/Pessoal/ContasPagas\\2026\\03-março\\Celular 187.19.jpeg",
        "status": "pago",
        "agente_pagador": null,
        "parcelamento": null,
        "parcela_atual": null,
        "total_parcelas": null,
        "legacy_id": 210,
        "transacao_id": null
    }
},
{
    "model": "core.lancamento",
    "pk": 136,
    "fields": {
        "competencia": 16,
        "conta": 5,
        "descricao": null,
        "valor_previsto": "122.73",
        "valor_pago": "122.73",
        "vencimento": "2026-03-20",
        "data_pagamento": "2026-03-20",
        "juros": "0.00",
        "desconto": "0.00",
        "comprovante": "C:/Users/PC-Leleco/Dropbox/Pessoal/ContasPagas\\2026\\03-março\\internet-122-73.pdf",
        "status": "pago",
        "agente_pagador": null,
        "parcelamento": null,
        "parcela_atual": null,
        "total_parcelas": null,
        "legacy_id": 211,
        "transacao_id": null
    }
},
{
    "model": "core.lancamento",
    "pk": 137,
    "fields": {
        "competencia": 16,
        "conta": 8,
        "descricao": null,
        "valor_previsto": "2218.70",
        "valor_pago": "2218.70",
        "vencimento": "2026-03-20",
        "data_pagamento": "2026-03-20",
        "juros": "0.00",
        "desconto": "0.00",
        "comprovante": "C:/Users/PC-Leleco/Dropbox/Pessoal/ContasPagas\\2026\\03-março\\Cartão nu 2218,70.jpeg",
        "status": "pago",
        "agente_pagador": null,
        "parcelamento": null,
        "parcela_atual": null,
        "total_parcelas": null,
        "legacy_id": 212,
        "transacao_id": null
    }
},
{
    "model": "core.lancamento",
    "pk": 138,
    "fields": {
        "competencia": 16,
        "conta": 4,
        "descricao": null,
        "valor_previsto": "258.71",
        "valor_pago": "258.71",
        "vencimento": "2026-03-20",
        "data_pagamento": "2026-03-20",
        "juros": "0.00",
        "desconto": "0.00",
        "comprovante": "C:/Users/PC-Leleco/Dropbox/Pessoal/ContasPagas\\2026\\03-março\\Energia 258,71.jpeg",
        "status": "pago",
        "agente_pagador": null,
        "parcelamento": null,
        "parcela_atual": null,
        "total_parcelas": null,
        "legacy_id": 213,
        "transacao_id": null
    }
},
{
    "model": "core.lancamento",
    "pk": 139,
    "fields": {
        "competencia": 16,
        "conta": 2,
        "descricao": null,
        "valor_previsto": "511.65",
        "valor_pago": "511.65",
        "vencimento": "2026-03-20",
        "data_pagamento": "2026-03-20",
        "juros": "0.00",
        "desconto": "0.00",
        "comprovante": "C:/Users/PC-Leleco/Dropbox/Pessoal/ContasPagas\\2026\\03-março\\Condomínio 511.65.pdf",
        "status": "pago",
        "agente_pagador": null,
        "parcelamento": null,
        "parcela_atual": null,
        "total_parcelas": null,
        "legacy_id": 214,
        "transacao_id": null
    }
},
{
    "model": "core.lancamento",
    "pk": 140,
    "fields": {
        "competencia": 16,
        "conta": 20,
        "descricao": null,
        "valor_previsto": "145.00",
        "valor_pago": "145.00",
        "vencimento": "2026-03-04",
        "data_pagamento": "2026-03-04",
        "juros": "0.00",
        "desconto": "0.00",
        "comprovante": "C:/Users/PC-Leleco/Dropbox/Pessoal/ContasPagas\\2026\\03-março\\placa_moto-145.jpeg",
        "status": "pago",
        "agente_pagador": null,
        "parcelamento": null,
        "parcela_atual": null,
        "total_parcelas": null,
        "legacy_id": 215,
        "transacao_id": null
    }
},
{
    "model": "core.lancamento",
    "pk": 141,
    "fields": {
        "competencia": 16,
        "conta": 9,
        "descricao": null,
        "valor_previsto": "1000.00",
        "valor_pago": "1000.00",
        "vencimento": "2026-03-20",
        "data_pagamento": "2026-03-20",
        "juros": "0.00",
        "desconto": "0.00",
        "comprovante": "C:/Users/PC-Leleco/Dropbox/Pessoal/ContasPagas\\2026\\03-março\\harley.pdf",
        "status": "pago",
        "agente_pagador": null,
        "parcelamento": null,
        "parcela_atual": null,
        "total_parcelas": null,
        "legacy_id": 216,
        "transacao_id": null
    }
},
{
    "model": "core.lancamento",
    "pk": 142,
    "fields": {
        "competencia": 16,
        "conta": 27,
        "descricao": null,
        "valor_previsto": "140.77",
        "valor_pago": "140.77",
        "vencimento": "2026-04-15",
        "data_pagamento": "2026-04-15",
        "juros": "0.00",
        "desconto": "0.00",
        "comprovante": "C:/Users/PC-Leleco/Dropbox/Pessoal/ContasPagas\\2026\\04-abril\\iptu2.pdf",
        "status": "pago",
        "agente_pagador": null,
        "parcelamento": null,
        "parcela_atual": null,
        "total_parcelas": null,
        "legacy_id": 222,
        "transacao_id": null
    }
},
{
    "model": "core.lancamento",
    "pk": 144,
    "fields": {
        "competencia": 17,
        "conta": 8,
        "descricao": null,
        "valor_previsto": "5925.42",
        "valor_pago": "5925.42",
        "vencimento": "2026-04-15",
        "data_pagamento": "2026-04-15",
        "juros": "0.00",
        "desconto": "0.00",
        "comprovante": "C:/Users/PC-Leleco/Dropbox/Pessoal/ContasPagas\\2026\\04-abril\\cartao_nubanck.jpeg",
        "status": "pago",
        "agente_pagador": null,
        "parcelamento": null,
        "parcela_atual": null,
        "total_parcelas": null,
        "legacy_id": 218,
        "transacao_id": null
    }
},
{
    "model": "core.lancamento",
    "pk": 145,
    "fields": {
        "competencia": 17,
        "conta": 4,
        "descricao": null,
        "valor_previsto": "521.48",
        "valor_pago": "521.48",
        "vencimento": "2026-04-15",
        "data_pagamento": "2026-04-15",
        "juros": "0.00",
        "desconto": "0.00",
        "comprovante": "C:/Users/PC-Leleco/Dropbox/Pessoal/ContasPagas\\2026\\04-abril\\Enel 242.07.jpeg",
        "status": "pago",
        "agente_pagador": null,
        "parcelamento": null,
        "parcela_atual": null,
        "total_parcelas": null,
        "legacy_id": 219,
        "transacao_id": null
    }
},
{
    "model": "core.lancamento",
    "pk": 146,
    "fields": {
        "competencia": 17,
        "conta": 3,
        "descricao": null,
        "valor_previsto": "146.24",
        "valor_pago": "146.24",
        "vencimento": "2026-04-15",
        "data_pagamento": "2026-04-15",
        "juros": "0.00",
        "desconto": "0.00",
        "comprovante": "C:/Users/PC-Leleco/Dropbox/Pessoal/ContasPagas\\2026\\04-abril\\comgazx-73-12.jpeg",
        "status": "pago",
        "agente_pagador": null,
        "parcelamento": null,
        "parcela_atual": null,
        "total_parcelas": null,
        "legacy_id": 220,
        "transacao_id": null
    }
},
{
    "model": "core.lancamento",
    "pk": 148,
    "fields": {
        "competencia": 1,
        "conta": 9,
        "descricao": null,
        "valor_previsto": "1000.00",
        "valor_pago": null,
        "vencimento": "2026-05-11",
        "data_pagamento": null,
        "juros": "0.00",
        "desconto": "0.00",
        "comprovante": "",
        "status": "pendente",
        "agente_pagador": null,
        "parcelamento": 1,
        "parcela_atual": 12,
        "total_parcelas": 22,
        "legacy_id": null,
        "transacao_id": null
    }
},
{
    "model": "core.lancamento",
    "pk": 149,
    "fields": {
        "competencia": 1,
        "conta": 10,
        "descricao": null,
        "valor_previsto": "121.04",
        "valor_pago": null,
        "vencimento": "2026-05-11",
        "data_pagamento": null,
        "juros": "0.00",
        "desconto": "0.00",
        "comprovante": "",
        "status": "pendente",
        "agente_pagador": null,
        "parcelamento": 2,
        "parcela_atual": 12,
        "total_parcelas": 12,
        "legacy_id": null,
        "transacao_id": null
    }
},
{
    "model": "core.lancamento",
    "pk": 150,
    "fields": {
        "competencia": 1,
        "conta": 27,
        "descricao": null,
        "valor_previsto": "126.71",
        "valor_pago": null,
        "vencimento": "2026-05-15",
        "data_pagamento": null,
        "juros": "0.00",
        "desconto": "0.00",
        "comprovante": "",
        "status": "pendente",
        "agente_pagador": null,
        "parcelamento": 3,
        "parcela_atual": 5,
        "total_parcelas": 12,
        "legacy_id": null,
        "transacao_id": null
    }
},
{
    "model": "core.lancamento",
    "pk": 151,
    "fields": {
        "competencia": 1,
        "conta": 28,
        "descricao": "Almoço no riacho grande",
        "valor_previsto": "784.79",
        "valor_pago": "784.79",
        "vencimento": "2026-05-01",
        "data_pagamento": "2026-05-04",
        "juros": "0.00",
        "desconto": "0.00",
        "comprovante": "",
        "status": "pago",
        "agente_pagador": 2,
        "parcelamento": null,
        "parcela_atual": null,
        "total_parcelas": null,
        "legacy_id": null,
        "transacao_id": null
    }
},
{
    "model": "core.lancamento",
    "pk": 154,
    "fields": {
        "competencia": 17,
        "conta": 11,
        "descricao": null,
        "valor_previsto": "196.82",
        "valor_pago": null,
        "vencimento": "2026-04-17",
        "data_pagamento": "2026-04-15",
        "juros": "0.00",
        "desconto": "0.00",
        "comprovante": "",
        "status": "pago",
        "agente_pagador": null,
        "parcelamento": null,
        "parcela_atual": null,
        "total_parcelas": null,
        "legacy_id": null,
        "transacao_id": null
    }
},
{
    "model": "core.lancamento",
    "pk": 156,
    "fields": {
        "competencia": 17,
        "conta": 13,
        "descricao": null,
        "valor_previsto": "122.49",
        "valor_pago": null,
        "vencimento": "2026-04-17",
        "data_pagamento": "2026-04-15",
        "juros": "0.00",
        "desconto": "0.00",
        "comprovante": "",
        "status": "pago",
        "agente_pagador": null,
        "parcelamento": null,
        "parcela_atual": null,
        "total_parcelas": null,
        "legacy_id": null,
        "transacao_id": null
    }
},
{
    "model": "core.lancamento",
    "pk": 160,
    "fields": {
        "competencia": 17,
        "conta": 9,
        "descricao": null,
        "valor_previsto": "1000.00",
        "valor_pago": null,
        "vencimento": "2026-04-11",
        "data_pagamento": null,
        "juros": "0.00",
        "desconto": "0.00",
        "comprovante": "",
        "status": "pendente",
        "agente_pagador": null,
        "parcelamento": 1,
        "parcela_atual": 11,
        "total_parcelas": 22,
        "legacy_id": null,
        "transacao_id": null
    }
},
{
    "model": "core.lancamento",
    "pk": 162,
    "fields": {
        "competencia": 17,
        "conta": 27,
        "descricao": null,
        "valor_previsto": "126.71",
        "valor_pago": null,
        "vencimento": "2026-04-15",
        "data_pagamento": null,
        "juros": "0.00",
        "desconto": "0.00",
        "comprovante": "",
        "status": "pendente",
        "agente_pagador": null,
        "parcelamento": 3,
        "parcela_atual": 4,
        "total_parcelas": 12,
        "legacy_id": null,
        "transacao_id": null
    }
},
{
    "model": "core.lancamento",
    "pk": 163,
    "fields": {
        "competencia": 17,
        "conta": 30,
        "descricao": "Importado OFX: Pix Qrcode Din Des: Jose Leonardo Vieira 09/04",
        "valor_previsto": "709.79",
        "valor_pago": "709.79",
        "vencimento": "2026-04-09",
        "data_pagamento": "2026-04-08",
        "juros": "0.00",
        "desconto": "0.00",
        "comprovante": "",
        "status": "pago",
        "agente_pagador": 2,
        "parcelamento": null,
        "parcela_atual": null,
        "total_parcelas": null,
        "legacy_id": null,
        "transacao_id": null
    }
},
{
    "model": "core.lancamento",
    "pk": 164,
    "fields": {
        "competencia": 1,
        "conta": 29,
        "descricao": "Importado OFX: Pix qr Code Dinamico Des: Padaria e Confeitaria 01/05",
        "valor_previsto": "134.75",
        "valor_pago": "134.75",
        "vencimento": "2026-05-04",
        "data_pagamento": "2026-05-04",
        "juros": "0.00",
        "desconto": "0.00",
        "comprovante": "",
        "status": "pago",
        "agente_pagador": 2,
        "parcelamento": null,
        "parcela_atual": null,
        "total_parcelas": null,
        "legacy_id": null,
        "transacao_id": null
    }
},
{
    "model": "core.lancamento",
    "pk": 165,
    "fields": {
        "competencia": 17,
        "conta": 29,
        "descricao": "Importado OFX: Pix Qrcode Din Des: mb Parking Estacionam 04/04",
        "valor_previsto": "1435.14",
        "valor_pago": "1435.14",
        "vencimento": "2026-04-06",
        "data_pagamento": "2026-04-26",
        "juros": "0.00",
        "desconto": "0.00",
        "comprovante": "",
        "status": "pago",
        "agente_pagador": 2,
        "parcelamento": null,
        "parcela_atual": null,
        "total_parcelas": null,
        "legacy_id": null,
        "transacao_id": null
    }
},
{
    "model": "core.lancamento",
    "pk": 166,
    "fields": {
        "competencia": 17,
        "conta": 32,
        "descricao": "Importado OFX: Pix Qrcode Din Des: Ultrafarma Popular di 08/04",
        "valor_previsto": "185.44",
        "valor_pago": "185.44",
        "vencimento": "2026-04-08",
        "data_pagamento": "2026-04-24",
        "juros": "0.00",
        "desconto": "0.00",
        "comprovante": "",
        "status": "pago",
        "agente_pagador": 2,
        "parcelamento": null,
        "parcela_atual": null,
        "total_parcelas": null,
        "legacy_id": null,
        "transacao_id": null
    }
},
{
    "model": "core.lancamento",
    "pk": 167,
    "fields": {
        "competencia": 17,
        "conta": 31,
        "descricao": "Importado OFX: Pix qr Code Dinamico Des: Demerge Brasil Facili 30/04",
        "valor_previsto": "504.62",
        "valor_pago": "504.62",
        "vencimento": "2026-04-30",
        "data_pagamento": "2026-04-14",
        "juros": "0.00",
        "desconto": "0.00",
        "comprovante": "",
        "status": "pago",
        "agente_pagador": 2,
        "parcelamento": null,
        "parcela_atual": null,
        "total_parcelas": null,
        "legacy_id": null,
        "transacao_id": null
    }
},
{
    "model": "core.lancamento",
    "pk": 168,
    "fields": {
        "competencia": 1,
        "conta": 31,
        "descricao": "Importado OFX: Pix qr Code Dinamico Des: Lojas Marisa 02/05",
        "valor_previsto": "210.45",
        "valor_pago": "210.45",
        "vencimento": "2026-05-04",
        "data_pagamento": "2026-05-04",
        "juros": "0.00",
        "desconto": "0.00",
        "comprovante": "",
        "status": "pago",
        "agente_pagador": 2,
        "parcelamento": null,
        "parcela_atual": null,
        "total_parcelas": null,
        "legacy_id": null,
        "transacao_id": null
    }
},
{
    "model": "core.lancamento",
    "pk": 169,
    "fields": {
        "competencia": 17,
        "conta": 35,
        "descricao": "Importado OFX: Transfe Pix Des: Aurea Aparecida Perei 07/04",
        "valor_previsto": "245.00",
        "valor_pago": "245.00",
        "vencimento": "2026-04-07",
        "data_pagamento": "2026-04-29",
        "juros": "0.00",
        "desconto": "0.00",
        "comprovante": "",
        "status": "pago",
        "agente_pagador": 2,
        "parcelamento": null,
        "parcela_atual": null,
        "total_parcelas": null,
        "legacy_id": null,
        "transacao_id": null
    }
},
{
    "model": "core.lancamento",
    "pk": 170,
    "fields": {
        "competencia": 17,
        "conta": 36,
        "descricao": "Importado OFX: Transfe Pix Des: Billy Distribuidora d 08/04",
        "valor_previsto": "36674.00",
        "valor_pago": "36674.00",
        "vencimento": "2026-04-08",
        "data_pagamento": "2026-04-08",
        "juros": "0.00",
        "desconto": "0.00",
        "comprovante": "",
        "status": "pago",
        "agente_pagador": 2,
        "parcelamento": null,
        "parcela_atual": null,
        "total_parcelas": null,
        "legacy_id": null,
        "transacao_id": null
    }
},
{
    "model": "core.lancamento",
    "pk": 171,
    "fields": {
        "competencia": 17,
        "conta": 33,
        "descricao": "Importado OFX: Trans Sal p/c/c Bco:237 Age:00156 Cta:0190303-9",
        "valor_previsto": "4164.69",
        "valor_pago": "4164.69",
        "vencimento": "2026-04-15",
        "data_pagamento": "2026-04-30",
        "juros": "0.00",
        "desconto": "0.00",
        "comprovante": "",
        "status": "pago",
        "agente_pagador": 2,
        "parcelamento": null,
        "parcela_atual": null,
        "total_parcelas": null,
        "legacy_id": null,
        "transacao_id": null
    }
},
{
    "model": "core.lancamento",
    "pk": 172,
    "fields": {
        "competencia": 17,
        "conta": 37,
        "descricao": "Importado OFX: Transferência enviada pelo Pix - Keeta",
        "valor_previsto": "232.54",
        "valor_pago": "232.54",
        "vencimento": "2026-04-16",
        "data_pagamento": "2026-04-14",
        "juros": "0.00",
        "desconto": "0.00",
        "comprovante": "",
        "status": "pago",
        "agente_pagador": 2,
        "parcelamento": null,
        "parcela_atual": null,
        "total_parcelas": null,
        "legacy_id": null,
        "transacao_id": null
    }
},
{
    "model": "core.lancamento",
    "pk": 173,
    "fields": {
        "competencia": 17,
        "conta": 38,
        "descricao": "Importado OFX: Transferência recebida pelo Pix - DOUGLAS FERREIRA GASPAR - •••.801.238-•• - CAIXA ECONOMICA FEDERAL (0104) Agência: 3317 Conta: 583913496-8",
        "valor_previsto": "30.00",
        "valor_pago": "30.00",
        "vencimento": "2026-04-02",
        "data_pagamento": "2026-04-02",
        "juros": "0.00",
        "desconto": "0.00",
        "comprovante": "",
        "status": "pago",
        "agente_pagador": 2,
        "parcelamento": null,
        "parcela_atual": null,
        "total_parcelas": null,
        "legacy_id": null,
        "transacao_id": null
    }
},
{
    "model": "core.lancamento",
    "pk": 174,
    "fields": {
        "competencia": 17,
        "conta": 6,
        "descricao": "Importado OFX: Transferência enviada pelo Pix - Clayton Lopes Moura (Transferência enviada)",
        "valor_previsto": "25.00",
        "valor_pago": "25.00",
        "vencimento": "2026-04-02",
        "data_pagamento": "2026-04-02",
        "juros": "0.00",
        "desconto": "0.00",
        "comprovante": "",
        "status": "pago",
        "agente_pagador": 2,
        "parcelamento": null,
        "parcela_atual": null,
        "total_parcelas": null,
        "legacy_id": null,
        "transacao_id": null
    }
},
{
    "model": "core.lancamento",
    "pk": 175,
    "fields": {
        "competencia": 17,
        "conta": 39,
        "descricao": "Importado OFX: Transferência recebida pelo Pix - DOUGLAS FERREIRA GASPAR - •••.801.238-•• - CAIXA ECONOMICA FEDERAL (0104) Agência: 3317 Conta: 583913496-8",
        "valor_previsto": "24000.00",
        "valor_pago": "24000.00",
        "vencimento": "2026-04-08",
        "data_pagamento": "2026-04-08",
        "juros": "0.00",
        "desconto": "0.00",
        "comprovante": "",
        "status": "pago",
        "agente_pagador": 2,
        "parcelamento": null,
        "parcela_atual": null,
        "total_parcelas": null,
        "legacy_id": null,
        "transacao_id": null
    }
},
{
    "model": "core.lancamento",
    "pk": 176,
    "fields": {
        "competencia": 17,
        "conta": 40,
        "descricao": "Importado OFX: Transferência enviada pelo Pix - Jose Leonardo Vieira Neto (Transferência enviada)",
        "valor_previsto": "285.00",
        "valor_pago": "285.00",
        "vencimento": "2026-04-14",
        "data_pagamento": "2026-04-14",
        "juros": "0.00",
        "desconto": "0.00",
        "comprovante": "",
        "status": "pago",
        "agente_pagador": 2,
        "parcelamento": null,
        "parcela_atual": null,
        "total_parcelas": null,
        "legacy_id": null,
        "transacao_id": null
    }
},
{
    "model": "core.lancamento",
    "pk": 177,
    "fields": {
        "competencia": 17,
        "conta": 34,
        "descricao": "Importado OFX: Transferência enviada pelo Pix - BRUNO GOUVEA DE SALES 33126031889 - 25.998.490/0001-98 - PAGSEGURO INTERNET IP S.A. (0290) Agência: 1 Conta: 40078805-5",
        "valor_previsto": "195.00",
        "valor_pago": "195.00",
        "vencimento": "2026-04-16",
        "data_pagamento": "2026-04-09",
        "juros": "0.00",
        "desconto": "0.00",
        "comprovante": "",
        "status": "pago",
        "agente_pagador": 2,
        "parcelamento": null,
        "parcela_atual": null,
        "total_parcelas": null,
        "legacy_id": null,
        "transacao_id": null
    }
},
{
    "model": "core.lancamento",
    "pk": 178,
    "fields": {
        "competencia": 17,
        "conta": 16,
        "descricao": "Importado OFX: Pagamento de boleto efetuado - CONDOMINIO CLUBE VIVAVITA",
        "valor_previsto": "509.77",
        "valor_pago": "509.77",
        "vencimento": "2026-04-10",
        "data_pagamento": null,
        "juros": "0.00",
        "desconto": "0.00",
        "comprovante": "2026/04-abril/condominio-499-77_ttiRKcw.jpeg",
        "status": "pago",
        "agente_pagador": 2,
        "parcelamento": null,
        "parcela_atual": null,
        "total_parcelas": null,
        "legacy_id": null,
        "transacao_id": null
    }
},
{
    "model": "core.lancamento",
    "pk": 179,
    "fields": {
        "competencia": 17,
        "conta": 41,
        "descricao": "Importado OFX: Compra no débito - HYUNDAI DIADEMA",
        "valor_previsto": "360.00",
        "valor_pago": "360.00",
        "vencimento": "2026-04-17",
        "data_pagamento": "2026-04-17",
        "juros": "0.00",
        "desconto": "0.00",
        "comprovante": "",
        "status": "pago",
        "agente_pagador": 2,
        "parcelamento": null,
        "parcela_atual": null,
        "total_parcelas": null,
        "legacy_id": null,
        "transacao_id": null
    }
},
{
    "model": "core.lancamento",
    "pk": 180,
    "fields": {
        "competencia": 17,
        "conta": 43,
        "descricao": "Importado OFX: Compra no débito - LagoAracoiaba",
        "valor_previsto": "209.16",
        "valor_pago": "209.16",
        "vencimento": "2026-04-11",
        "data_pagamento": "2026-04-12",
        "juros": "0.00",
        "desconto": "0.00",
        "comprovante": "",
        "status": "pago",
        "agente_pagador": 2,
        "parcelamento": null,
        "parcela_atual": null,
        "total_parcelas": null,
        "legacy_id": null,
        "transacao_id": null
    }
},
{
    "model": "core.lancamento",
    "pk": 181,
    "fields": {
        "competencia": 17,
        "conta": 44,
        "descricao": "Importado OFX: Compra no débito - PETZ DIADEMA",
        "valor_previsto": "99.95",
        "valor_pago": "99.95",
        "vencimento": "2026-04-18",
        "data_pagamento": "2026-04-18",
        "juros": "0.00",
        "desconto": "0.00",
        "comprovante": "",
        "status": "pago",
        "agente_pagador": 2,
        "parcelamento": null,
        "parcela_atual": null,
        "total_parcelas": null,
        "legacy_id": null,
        "transacao_id": null
    }
},
{
    "model": "core.lancamento",
    "pk": 182,
    "fields": {
        "competencia": 17,
        "conta": 45,
        "descricao": "Importado OFX: Resgate RDB",
        "valor_previsto": "7000.00",
        "valor_pago": "7000.00",
        "vencimento": "2026-04-08",
        "data_pagamento": "2026-04-08",
        "juros": "0.00",
        "desconto": "0.00",
        "comprovante": "",
        "status": "pago",
        "agente_pagador": 2,
        "parcelamento": null,
        "parcela_atual": null,
        "total_parcelas": null,
        "legacy_id": null,
        "transacao_id": null
    }
},
{
    "model": "core.lancamento",
    "pk": 183,
    "fields": {
        "competencia": 1,
        "conta": 6,
        "descricao": null,
        "valor_previsto": "0.00",
        "valor_pago": null,
        "vencimento": "2026-05-01",
        "data_pagamento": null,
        "juros": "0.00",
        "desconto": "0.00",
        "comprovante": "",
        "status": "pendente",
        "agente_pagador": null,
        "parcelamento": null,
        "parcela_atual": null,
        "total_parcelas": null,
        "legacy_id": null,
        "transacao_id": null
    }
},
{
    "model": "core.lancamento",
    "pk": 184,
    "fields": {
        "competencia": 1,
        "conta": 46,
        "descricao": null,
        "valor_previsto": "2048.30",
        "valor_pago": null,
        "vencimento": "2026-05-09",
        "data_pagamento": null,
        "juros": "0.00",
        "desconto": "0.00",
        "comprovante": "",
        "status": "pendente",
        "agente_pagador": null,
        "parcelamento": 4,
        "parcela_atual": 1,
        "total_parcelas": 48,
        "legacy_id": null,
        "transacao_id": null
    }
},
{
    "model": "core.regraimportacao",
    "pk": 1,
    "fields": {
        "padrao": "Nobrega Paes e Doces",
        "conta": 29,
        "nome_exibicao": "Padaria / Cigarro / Outros"
    }
},
{
    "model": "core.regraimportacao",
    "pk": 3,
    "fields": {
        "padrao": "Raia Drogasil sa",
        "conta": 32,
        "nome_exibicao": ""
    }
},
{
    "model": "core.regraimportacao",
    "pk": 4,
    "fields": {
        "padrao": "Ultrafarma Popular",
        "conta": 32,
        "nome_exibicao": ""
    }
},
{
    "model": "core.regraimportacao",
    "pk": 5,
    "fields": {
        "padrao": "Din Des: Jose Leonardo Vieira",
        "conta": 30,
        "nome_exibicao": "Gastos no POMC"
    }
},
{
    "model": "core.regraimportacao",
    "pk": 7,
    "fields": {
        "padrao": "Transf Saldo c/sal p/cc Bco:237 Age:00156",
        "conta": 33,
        "nome_exibicao": ""
    }
},
{
    "model": "core.regraimportacao",
    "pk": 8,
    "fields": {
        "padrao": "Trans Sal p/c/c Bco:237 Age:00156",
        "conta": 33,
        "nome_exibicao": ""
    }
},
{
    "model": "core.regraimportacao",
    "pk": 9,
    "fields": {
        "padrao": "POINT CHIC",
        "conta": 29,
        "nome_exibicao": ""
    }
},
{
    "model": "core.regraimportacao",
    "pk": 10,
    "fields": {
        "padrao": "Transferência enviada pelo Pix - Clayton Lopes Moura",
        "conta": 6,
        "nome_exibicao": ""
    }
},
{
    "model": "core.ofxarquivo",
    "pk": 4,
    "fields": {
        "arquivo": "ofx_imports/Bradesco_03052026_190551_7zbCnzX.ofx",
        "data_upload": "2026-05-04T11:27:01.459Z",
        "agente": 2,
        "conta_bancaria": 1,
        "banco_nome": "Bradesco"
    }
},
{
    "model": "core.ofxarquivo",
    "pk": 5,
    "fields": {
        "arquivo": "ofx_imports/NU_51781355_01ABR2026_30ABR2026_D36cjLn.ofx",
        "data_upload": "2026-05-04T12:33:57.237Z",
        "agente": 2,
        "conta_bancaria": 2,
        "banco_nome": "Nubank"
    }
},
{
    "model": "core.ofxtransacao",
    "pk": 105,
    "fields": {
        "arquivo": 4,
        "fitid": "N2035A:06/04/26:0.05:0000002: Rent.inv.facil:",
        "data": "2026-04-06",
        "valor": "0.05",
        "descricao": "Rent.inv.facil",
        "tipo": "credit",
        "status": "ignorado",
        "conta_sugerida": null,
        "vinculo_por_regra": false,
        "lancamento_criado": null
    }
},
{
    "model": "core.ofxtransacao",
    "pk": 106,
    "fields": {
        "arquivo": 4,
        "fitid": "N20376:06/04/26:-9.99:3990096: Cart.protegido:",
        "data": "2026-04-06",
        "valor": "-9.99",
        "descricao": "Cart.protegido",
        "tipo": "debit",
        "status": "ignorado",
        "conta_sugerida": null,
        "vinculo_por_regra": false,
        "lancamento_criado": null
    }
},
{
    "model": "core.ofxtransacao",
    "pk": 107,
    "fields": {
        "arquivo": 4,
        "fitid": "N20393:06/04/26:-200.0:0604021: Transfe Pix: Des: Alessandro Pereira da 04/04",
        "data": "2026-04-06",
        "valor": "-200.00",
        "descricao": "Transfe Pix Des: Alessandro Pereira da 04/04",
        "tipo": "debit",
        "status": "ignorado",
        "conta_sugerida": null,
        "vinculo_por_regra": false,
        "lancamento_criado": null
    }
},
{
    "model": "core.ofxtransacao",
    "pk": 108,
    "fields": {
        "arquivo": 4,
        "fitid": "N203B1:06/04/26:-90.9:1238599: Pix Qrcode Est: Des: Topmix Comercio de be 05/04",
        "data": "2026-04-06",
        "valor": "-90.90",
        "descricao": "Pix Qrcode Est Des: Topmix Comercio de be 05/04",
        "tipo": "debit",
        "status": "processado",
        "conta_sugerida": 30,
        "vinculo_por_regra": false,
        "lancamento_criado": 163
    }
},
{
    "model": "core.ofxtransacao",
    "pk": 109,
    "fields": {
        "arquivo": 4,
        "fitid": "N203CF:06/04/26:-5.0:1431258: Pix Qrcode Din: Des: mb Parking Estacionam 04/04",
        "data": "2026-04-06",
        "valor": "-5.00",
        "descricao": "Pix Qrcode Din Des: mb Parking Estacionam 04/04",
        "tipo": "debit",
        "status": "processado",
        "conta_sugerida": 29,
        "vinculo_por_regra": false,
        "lancamento_criado": 165
    }
},
{
    "model": "core.ofxtransacao",
    "pk": 110,
    "fields": {
        "arquivo": 4,
        "fitid": "N203ED:06/04/26:-33.75:1556529: Pix Qrcode Din: Des: Auto Posto Kinta Roda 06/04",
        "data": "2026-04-06",
        "valor": "-33.75",
        "descricao": "Pix Qrcode Din Des: Auto Posto Kinta Roda 06/04",
        "tipo": "debit",
        "status": "processado",
        "conta_sugerida": 29,
        "vinculo_por_regra": false,
        "lancamento_criado": 165
    }
},
{
    "model": "core.ofxtransacao",
    "pk": 111,
    "fields": {
        "arquivo": 4,
        "fitid": "N2040B:06/04/26:-58.36:1812224: Pix Qrcode Din: Des: Nobrega Paes e Doces  06/04",
        "data": "2026-04-06",
        "valor": "-58.36",
        "descricao": "Pix Qrcode Din Des: Nobrega Paes e Doces 06/04",
        "tipo": "debit",
        "status": "processado",
        "conta_sugerida": 29,
        "vinculo_por_regra": false,
        "lancamento_criado": 165
    }
},
{
    "model": "core.ofxtransacao",
    "pk": 112,
    "fields": {
        "arquivo": 4,
        "fitid": "N20429:07/04/26:0.02:0000002: Rent.inv.facil:",
        "data": "2026-04-07",
        "valor": "0.02",
        "descricao": "Rent.inv.facil",
        "tipo": "credit",
        "status": "ignorado",
        "conta_sugerida": null,
        "vinculo_por_regra": false,
        "lancamento_criado": null
    }
},
{
    "model": "core.ofxtransacao",
    "pk": 113,
    "fields": {
        "arquivo": 4,
        "fitid": "N20445:07/04/26:-100.0:1854200: Transfe Pix: Des: Aurea Aparecida Perei 07/04",
        "data": "2026-04-07",
        "valor": "-100.00",
        "descricao": "Transfe Pix Des: Aurea Aparecida Perei 07/04",
        "tipo": "debit",
        "status": "processado",
        "conta_sugerida": 35,
        "vinculo_por_regra": false,
        "lancamento_criado": 169
    }
},
{
    "model": "core.ofxtransacao",
    "pk": 114,
    "fields": {
        "arquivo": 4,
        "fitid": "N20463:07/04/26:-100.0:1824440: Pix Qrcode Din: Des: Petrogal 10 Auto Post 07/04",
        "data": "2026-04-07",
        "valor": "-100.00",
        "descricao": "Pix Qrcode Din Des: Petrogal 10 Auto Post 07/04",
        "tipo": "debit",
        "status": "processado",
        "conta_sugerida": 35,
        "vinculo_por_regra": false,
        "lancamento_criado": 169
    }
},
{
    "model": "core.ofxtransacao",
    "pk": 115,
    "fields": {
        "arquivo": 4,
        "fitid": "N20481:07/04/26:-61.5:2027580: Pix Qrcode Din: Des: Nobrega Paes e Doces  07/04",
        "data": "2026-04-07",
        "valor": "-61.50",
        "descricao": "Pix Qrcode Din Des: Nobrega Paes e Doces 07/04",
        "tipo": "debit",
        "status": "processado",
        "conta_sugerida": 29,
        "vinculo_por_regra": false,
        "lancamento_criado": 165
    }
},
{
    "model": "core.ofxtransacao",
    "pk": 116,
    "fields": {
        "arquivo": 4,
        "fitid": "N2049F:08/04/26:0.38:0000002: Rent.inv.facil:",
        "data": "2026-04-08",
        "valor": "0.38",
        "descricao": "Rent.inv.facil",
        "tipo": "credit",
        "status": "ignorado",
        "conta_sugerida": null,
        "vinculo_por_regra": false,
        "lancamento_criado": null
    }
},
{
    "model": "core.ofxtransacao",
    "pk": 117,
    "fields": {
        "arquivo": 4,
        "fitid": "N204BB:08/04/26:-10200.0:1250402: Transfe Pix: Des: Billy Distribuidora d 08/04",
        "data": "2026-04-08",
        "valor": "-10200.00",
        "descricao": "Transfe Pix Des: Billy Distribuidora d 08/04",
        "tipo": "debit",
        "status": "processado",
        "conta_sugerida": 36,
        "vinculo_por_regra": false,
        "lancamento_criado": 170
    }
},
{
    "model": "core.ofxtransacao",
    "pk": 118,
    "fields": {
        "arquivo": 4,
        "fitid": "N204D9:08/04/26:-2474.0:1252461: Transfe Pix: Des: Billy Distribuidora d 08/04",
        "data": "2026-04-08",
        "valor": "-2474.00",
        "descricao": "Transfe Pix Des: Billy Distribuidora d 08/04",
        "tipo": "debit",
        "status": "processado",
        "conta_sugerida": 36,
        "vinculo_por_regra": false,
        "lancamento_criado": 170
    }
},
{
    "model": "core.ofxtransacao",
    "pk": 119,
    "fields": {
        "arquivo": 4,
        "fitid": "N204F7:08/04/26:-29.25:1802052: Pix Qrcode Din: Des: Petrogal 10 Auto Post 08/04",
        "data": "2026-04-08",
        "valor": "-29.25",
        "descricao": "Pix Qrcode Din Des: Petrogal 10 Auto Post 08/04",
        "tipo": "debit",
        "status": "processado",
        "conta_sugerida": 29,
        "vinculo_por_regra": false,
        "lancamento_criado": 165
    }
},
{
    "model": "core.ofxtransacao",
    "pk": 120,
    "fields": {
        "arquivo": 4,
        "fitid": "N20515:08/04/26:-18.65:2110429: Pix Qrcode Din: Des: Ultrafarma Popular di 08/04",
        "data": "2026-04-08",
        "valor": "-18.65",
        "descricao": "Pix Qrcode Din Des: Ultrafarma Popular di 08/04",
        "tipo": "debit",
        "status": "processado",
        "conta_sugerida": 32,
        "vinculo_por_regra": true,
        "lancamento_criado": 166
    }
},
{
    "model": "core.ofxtransacao",
    "pk": 121,
    "fields": {
        "arquivo": 4,
        "fitid": "N20533:09/04/26:-125.0:2154468: Transfe Pix: Des: Roberto Vernier Filho 09/04",
        "data": "2026-04-09",
        "valor": "-125.00",
        "descricao": "Transfe Pix Des: Roberto Vernier Filho 09/04",
        "tipo": "debit",
        "status": "processado",
        "conta_sugerida": 34,
        "vinculo_por_regra": false,
        "lancamento_criado": 177
    }
},
{
    "model": "core.ofxtransacao",
    "pk": 122,
    "fields": {
        "arquivo": 4,
        "fitid": "N20551:09/04/26:-25.0:2259174: Transfe Pix: Des: Kauana Figueiredo Mac 09/04",
        "data": "2026-04-09",
        "valor": "-25.00",
        "descricao": "Transfe Pix Des: Kauana Figueiredo Mac 09/04",
        "tipo": "debit",
        "status": "processado",
        "conta_sugerida": 29,
        "vinculo_por_regra": false,
        "lancamento_criado": 165
    }
},
{
    "model": "core.ofxtransacao",
    "pk": 123,
    "fields": {
        "arquivo": 4,
        "fitid": "N2056F:09/04/26:-42.0:1949501: Pix Qrcode Din: Des: Jose Leonardo Vieira  09/04",
        "data": "2026-04-09",
        "valor": "-42.00",
        "descricao": "Pix Qrcode Din Des: Jose Leonardo Vieira 09/04",
        "tipo": "debit",
        "status": "processado",
        "conta_sugerida": 30,
        "vinculo_por_regra": false,
        "lancamento_criado": 163
    }
},
{
    "model": "core.ofxtransacao",
    "pk": 124,
    "fields": {
        "arquivo": 4,
        "fitid": "N2058D:09/04/26:-15.0:2211128: Pix Qrcode Din: Des: Jose Leonardo Vieira  09/04",
        "data": "2026-04-09",
        "valor": "-15.00",
        "descricao": "Pix Qrcode Din Des: Jose Leonardo Vieira 09/04",
        "tipo": "debit",
        "status": "processado",
        "conta_sugerida": 30,
        "vinculo_por_regra": false,
        "lancamento_criado": 163
    }
},
{
    "model": "core.ofxtransacao",
    "pk": 125,
    "fields": {
        "arquivo": 4,
        "fitid": "N205AB:09/04/26:-80.0:2224002: Pix Qrcode Din: Des: Jose Leonardo Vieira  09/04",
        "data": "2026-04-09",
        "valor": "-80.00",
        "descricao": "Pix Qrcode Din Des: Jose Leonardo Vieira 09/04",
        "tipo": "debit",
        "status": "processado",
        "conta_sugerida": 30,
        "vinculo_por_regra": false,
        "lancamento_criado": 163
    }
},
{
    "model": "core.ofxtransacao",
    "pk": 126,
    "fields": {
        "arquivo": 4,
        "fitid": "N205C9:10/04/26:-12.0:0919519: Pix Qrcode Din: Des: Santa Massa Fabrica d 10/04",
        "data": "2026-04-10",
        "valor": "-12.00",
        "descricao": "Pix Qrcode Din Des: Santa Massa Fabrica d 10/04",
        "tipo": "debit",
        "status": "processado",
        "conta_sugerida": 29,
        "vinculo_por_regra": false,
        "lancamento_criado": 165
    }
},
{
    "model": "core.ofxtransacao",
    "pk": 127,
    "fields": {
        "arquivo": 4,
        "fitid": "N205E7:10/04/26:-97.5:1438181: Pix Qrcode Din: Des: A.v da Silva Comercio 10/04",
        "data": "2026-04-10",
        "valor": "-97.50",
        "descricao": "Pix Qrcode Din Des: A.v da Silva Comercio 10/04",
        "tipo": "debit",
        "status": "processado",
        "conta_sugerida": 29,
        "vinculo_por_regra": false,
        "lancamento_criado": 165
    }
},
{
    "model": "core.ofxtransacao",
    "pk": 128,
    "fields": {
        "arquivo": 4,
        "fitid": "N20605:13/04/26:-68.4:0855056: Pix Qrcode Est: Des: Banlek Servicos Audio 12/04",
        "data": "2026-04-13",
        "valor": "-68.40",
        "descricao": "Pix Qrcode Est Des: Banlek Servicos Audio 12/04",
        "tipo": "debit",
        "status": "processado",
        "conta_sugerida": 29,
        "vinculo_por_regra": false,
        "lancamento_criado": 165
    }
},
{
    "model": "core.ofxtransacao",
    "pk": 129,
    "fields": {
        "arquivo": 4,
        "fitid": "N20623:13/04/26:-3.79:1052281: Pix Qrcode Din: Des: Raia Drogasil sa      13/04",
        "data": "2026-04-13",
        "valor": "-3.79",
        "descricao": "Pix Qrcode Din Des: Raia Drogasil sa 13/04",
        "tipo": "debit",
        "status": "processado",
        "conta_sugerida": 32,
        "vinculo_por_regra": true,
        "lancamento_criado": 166
    }
},
{
    "model": "core.ofxtransacao",
    "pk": 130,
    "fields": {
        "arquivo": 4,
        "fitid": "N20641:15/04/26:1614.72:1500156: Trans Sal p/c/c: Bco:237 Age:00156 Cta:0190303-9",
        "data": "2026-04-15",
        "valor": "1614.72",
        "descricao": "Trans Sal p/c/c Bco:237 Age:00156 Cta:0190303-9",
        "tipo": "credit",
        "status": "processado",
        "conta_sugerida": 33,
        "vinculo_por_regra": true,
        "lancamento_criado": 171
    }
},
{
    "model": "core.ofxtransacao",
    "pk": 131,
    "fields": {
        "arquivo": 4,
        "fitid": "N2065E:15/04/26:-28.5:1136262: Pix Qrcode Din: Des: Nobrega Paes e Doces  15/04",
        "data": "2026-04-15",
        "valor": "-28.50",
        "descricao": "Pix Qrcode Din Des: Nobrega Paes e Doces 15/04",
        "tipo": "debit",
        "status": "processado",
        "conta_sugerida": 29,
        "vinculo_por_regra": false,
        "lancamento_criado": 165
    }
},
{
    "model": "core.ofxtransacao",
    "pk": 132,
    "fields": {
        "arquivo": 4,
        "fitid": "N2067C:28/04/26:0.08:8279096: Rent.inv.facil:",
        "data": "2026-04-28",
        "valor": "0.08",
        "descricao": "Rent.inv.facil",
        "tipo": "credit",
        "status": "ignorado",
        "conta_sugerida": null,
        "vinculo_por_regra": false,
        "lancamento_criado": null
    }
},
{
    "model": "core.ofxtransacao",
    "pk": 133,
    "fields": {
        "arquivo": 4,
        "fitid": "N20698:28/04/26:-200.0:0943365: Transfe Pix: Des: Meyre Massoni Baqueta 28/04",
        "data": "2026-04-28",
        "valor": "-200.00",
        "descricao": "Transfe Pix Des: Meyre Massoni Baqueta 28/04",
        "tipo": "debit",
        "status": "ignorado",
        "conta_sugerida": null,
        "vinculo_por_regra": false,
        "lancamento_criado": null
    }
},
{
    "model": "core.ofxtransacao",
    "pk": 134,
    "fields": {
        "arquivo": 4,
        "fitid": "N206B6:28/04/26:-100.0:0944082: Transfe Pix: Des: Meyre Massoni Baqueta 28/04",
        "data": "2026-04-28",
        "valor": "-100.00",
        "descricao": "Transfe Pix Des: Meyre Massoni Baqueta 28/04",
        "tipo": "debit",
        "status": "ignorado",
        "conta_sugerida": null,
        "vinculo_por_regra": false,
        "lancamento_criado": null
    }
},
{
    "model": "core.ofxtransacao",
    "pk": 135,
    "fields": {
        "arquivo": 4,
        "fitid": "N206D4:28/04/26:-100.0:0951328: Transfe Pix: Des: Meyre Massoni Baqueta 28/04",
        "data": "2026-04-28",
        "valor": "-100.00",
        "descricao": "Transfe Pix Des: Meyre Massoni Baqueta 28/04",
        "tipo": "debit",
        "status": "ignorado",
        "conta_sugerida": null,
        "vinculo_por_regra": false,
        "lancamento_criado": null
    }
},
{
    "model": "core.ofxtransacao",
    "pk": 136,
    "fields": {
        "arquivo": 4,
        "fitid": "N206F2:28/04/26:-65.62:1338231: Pix Qrcode Din: Des: Whaleco Brasil Interm 28/04",
        "data": "2026-04-28",
        "valor": "-65.62",
        "descricao": "Pix Qrcode Din Des: Whaleco Brasil Interm 28/04",
        "tipo": "debit",
        "status": "processado",
        "conta_sugerida": 29,
        "vinculo_por_regra": false,
        "lancamento_criado": 165
    }
},
{
    "model": "core.ofxtransacao",
    "pk": 137,
    "fields": {
        "arquivo": 4,
        "fitid": "N20710:28/04/26:-40.69:1754157: Pix Qrcode Din: Des: Fribon Comercio de ca 28/04",
        "data": "2026-04-28",
        "valor": "-40.69",
        "descricao": "Pix Qrcode Din Des: Fribon Comercio de ca 28/04",
        "tipo": "debit",
        "status": "processado",
        "conta_sugerida": 29,
        "vinculo_por_regra": false,
        "lancamento_criado": 165
    }
},
{
    "model": "core.ofxtransacao",
    "pk": 138,
    "fields": {
        "arquivo": 4,
        "fitid": "N2072E:28/04/26:-24.5:1800338: Pix Qrcode Din: Des: Shopping do Real      28/04",
        "data": "2026-04-28",
        "valor": "-24.50",
        "descricao": "Pix Qrcode Din Des: Shopping do Real 28/04",
        "tipo": "debit",
        "status": "processado",
        "conta_sugerida": 29,
        "vinculo_por_regra": false,
        "lancamento_criado": 165
    }
},
{
    "model": "core.ofxtransacao",
    "pk": 139,
    "fields": {
        "arquivo": 4,
        "fitid": "N2074C:28/04/26:-21.5:1802474: Pix Qrcode Din: Des: A.v da Silva Comercio 28/04",
        "data": "2026-04-28",
        "valor": "-21.50",
        "descricao": "Pix Qrcode Din Des: A.v da Silva Comercio 28/04",
        "tipo": "debit",
        "status": "processado",
        "conta_sugerida": 29,
        "vinculo_por_regra": false,
        "lancamento_criado": 165
    }
},
{
    "model": "core.ofxtransacao",
    "pk": 140,
    "fields": {
        "arquivo": 4,
        "fitid": "N2076A:29/04/26:0.01:8279096: Rent.inv.facil:",
        "data": "2026-04-29",
        "valor": "0.01",
        "descricao": "Rent.inv.facil",
        "tipo": "credit",
        "status": "ignorado",
        "conta_sugerida": null,
        "vinculo_por_regra": false,
        "lancamento_criado": null
    }
},
{
    "model": "core.ofxtransacao",
    "pk": 141,
    "fields": {
        "arquivo": 4,
        "fitid": "N20786:29/04/26:-45.0:0808340: Pix Qrcode Din: Des: 20.685.584 Adeilson m 29/04",
        "data": "2026-04-29",
        "valor": "-45.00",
        "descricao": "Pix Qrcode Din Des: 20.685.584 Adeilson m 29/04",
        "tipo": "debit",
        "status": "processado",
        "conta_sugerida": 29,
        "vinculo_por_regra": false,
        "lancamento_criado": 165
    }
},
{
    "model": "core.ofxtransacao",
    "pk": 142,
    "fields": {
        "arquivo": 4,
        "fitid": "N207A4:29/04/26:-45.0:1739268: Pix Qrcode Din: Des: Dupark Estacionamento 29/04",
        "data": "2026-04-29",
        "valor": "-45.00",
        "descricao": "Pix Qrcode Din Des: Dupark Estacionamento 29/04",
        "tipo": "debit",
        "status": "processado",
        "conta_sugerida": 35,
        "vinculo_por_regra": false,
        "lancamento_criado": 169
    }
},
{
    "model": "core.ofxtransacao",
    "pk": 143,
    "fields": {
        "arquivo": 4,
        "fitid": "N20022:29/04/26:0.01:8279096: Rentab.invest Facilcred*:",
        "data": "2026-04-29",
        "valor": "0.01",
        "descricao": "Rentab.invest Facilcred*",
        "tipo": "credit",
        "status": "ignorado",
        "conta_sugerida": null,
        "vinculo_por_regra": false,
        "lancamento_criado": null
    }
},
{
    "model": "core.ofxtransacao",
    "pk": 144,
    "fields": {
        "arquivo": 4,
        "fitid": "N2003E:30/04/26:2549.97:3000156: Transf Saldo c/sal p/cc: Bco:237 Age:00156 Cta:0190303-9",
        "data": "2026-04-30",
        "valor": "2549.97",
        "descricao": "Transf Saldo c/sal p/cc Bco:237 Age:00156 Cta:0190303-9",
        "tipo": "credit",
        "status": "processado",
        "conta_sugerida": 33,
        "vinculo_por_regra": true,
        "lancamento_criado": 171
    }
},
{
    "model": "core.ofxtransacao",
    "pk": 145,
    "fields": {
        "arquivo": 4,
        "fitid": "N2005B:30/04/26:-193.05:0938091: Pix qr Code Dinamico: Des: Demerge Brasil Facili 30/04",
        "data": "2026-04-30",
        "valor": "-193.05",
        "descricao": "Pix qr Code Dinamico Des: Demerge Brasil Facili 30/04",
        "tipo": "debit",
        "status": "processado",
        "conta_sugerida": 31,
        "vinculo_por_regra": false,
        "lancamento_criado": 167
    }
},
{
    "model": "core.ofxtransacao",
    "pk": 146,
    "fields": {
        "arquivo": 4,
        "fitid": "N20079:30/04/26:-21.39:2007171: Pix qr Code Dinamico: Des: Mercado Jardim Rosinh 30/04",
        "data": "2026-04-30",
        "valor": "-21.39",
        "descricao": "Pix qr Code Dinamico Des: Mercado Jardim Rosinh 30/04",
        "tipo": "debit",
        "status": "processado",
        "conta_sugerida": 29,
        "vinculo_por_regra": false,
        "lancamento_criado": 165
    }
},
{
    "model": "core.ofxtransacao",
    "pk": 147,
    "fields": {
        "arquivo": 4,
        "fitid": "N20097:30/04/26:-15.0:2020583: Pix qr Code Dinamico: Des: Jose Leonardo Vieira  30/04",
        "data": "2026-04-30",
        "valor": "-15.00",
        "descricao": "Pix qr Code Dinamico Des: Jose Leonardo Vieira 30/04",
        "tipo": "debit",
        "status": "processado",
        "conta_sugerida": 30,
        "vinculo_por_regra": false,
        "lancamento_criado": 163
    }
},
{
    "model": "core.ofxtransacao",
    "pk": 148,
    "fields": {
        "arquivo": 4,
        "fitid": "N200B5:04/05/26:-394.79:1616285: Pix qr Code Dinamico: Des: Caravela Restaurante  01/05",
        "data": "2026-05-04",
        "valor": "-394.79",
        "descricao": "Pix qr Code Dinamico Des: Caravela Restaurante 01/05",
        "tipo": "debit",
        "status": "processado",
        "conta_sugerida": 28,
        "vinculo_por_regra": false,
        "lancamento_criado": 151
    }
},
{
    "model": "core.ofxtransacao",
    "pk": 149,
    "fields": {
        "arquivo": 4,
        "fitid": "N200D3:04/05/26:-42.94:1815240: Pix qr Code Dinamico: Des: Padaria e Confeitaria 01/05",
        "data": "2026-05-04",
        "valor": "-42.94",
        "descricao": "Pix qr Code Dinamico Des: Padaria e Confeitaria 01/05",
        "tipo": "debit",
        "status": "processado",
        "conta_sugerida": 29,
        "vinculo_por_regra": false,
        "lancamento_criado": 164
    }
},
{
    "model": "core.ofxtransacao",
    "pk": 150,
    "fields": {
        "arquivo": 4,
        "fitid": "N200F1:04/05/26:-29.99:1059485: Pix qr Code Dinamico: Des: Lojas Marisa          02/05",
        "data": "2026-05-04",
        "valor": "-29.99",
        "descricao": "Pix qr Code Dinamico Des: Lojas Marisa 02/05",
        "tipo": "debit",
        "status": "processado",
        "conta_sugerida": 31,
        "vinculo_por_regra": false,
        "lancamento_criado": 168
    }
},
{
    "model": "core.ofxtransacao",
    "pk": 151,
    "fields": {
        "arquivo": 4,
        "fitid": "N2010F:04/05/26:-9.98:1119016: Pix qr Code Dinamico: Des: Haya Dam Comercio de  02/05",
        "data": "2026-05-04",
        "valor": "-9.98",
        "descricao": "Pix qr Code Dinamico Des: Haya Dam Comercio de 02/05",
        "tipo": "debit",
        "status": "processado",
        "conta_sugerida": 29,
        "vinculo_por_regra": false,
        "lancamento_criado": 164
    }
},
{
    "model": "core.ofxtransacao",
    "pk": 152,
    "fields": {
        "arquivo": 4,
        "fitid": "N2012D:04/05/26:-45.0:1126361: Pix qr Code Dinamico: Des: Daiane Lopes de Lima  02/05",
        "data": "2026-05-04",
        "valor": "-45.00",
        "descricao": "Pix qr Code Dinamico Des: Daiane Lopes de Lima 02/05",
        "tipo": "debit",
        "status": "processado",
        "conta_sugerida": 29,
        "vinculo_por_regra": false,
        "lancamento_criado": 164
    }
},
{
    "model": "core.ofxtransacao",
    "pk": 153,
    "fields": {
        "arquivo": 4,
        "fitid": "N2014B:04/05/26:-180.46:1153198: Pix qr Code Dinamico: Des: Seara Alimentos Ltda  02/05",
        "data": "2026-05-04",
        "valor": "-180.46",
        "descricao": "Pix qr Code Dinamico Des: Seara Alimentos Ltda 02/05",
        "tipo": "debit",
        "status": "processado",
        "conta_sugerida": 31,
        "vinculo_por_regra": false,
        "lancamento_criado": 168
    }
},
{
    "model": "core.ofxtransacao",
    "pk": 154,
    "fields": {
        "arquivo": 4,
        "fitid": "N20169:04/05/26:-36.83:1814499: Pix qr Code Dinamico: Des: Rede Integrada de Loj 03/05",
        "data": "2026-05-04",
        "valor": "-36.83",
        "descricao": "Pix qr Code Dinamico Des: Rede Integrada de Loj 03/05",
        "tipo": "debit",
        "status": "processado",
        "conta_sugerida": 29,
        "vinculo_por_regra": false,
        "lancamento_criado": 164
    }
},
{
    "model": "core.ofxtransacao",
    "pk": 155,
    "fields": {
        "arquivo": 4,
        "fitid": "N207D3:04/05/26:-200.0:1337414: Transferencia Pix: Dest: Alessandro Pereira da Silv",
        "data": "2026-05-04",
        "valor": "-200.00",
        "descricao": "Transferencia Pix Dest: Alessandro Pereira da Silv",
        "tipo": "debit",
        "status": "ignorado",
        "conta_sugerida": null,
        "vinculo_por_regra": false,
        "lancamento_criado": null
    }
},
{
    "model": "core.ofxtransacao",
    "pk": 156,
    "fields": {
        "arquivo": 4,
        "fitid": "N207F1:05/05/26:-9.99:3720112: Servico Cartao Protegido:",
        "data": "2026-05-05",
        "valor": "-9.99",
        "descricao": "Servico Cartao Protegido",
        "tipo": "debit",
        "status": "ignorado",
        "conta_sugerida": null,
        "vinculo_por_regra": false,
        "lancamento_criado": null
    }
},
{
    "model": "core.ofxtransacao",
    "pk": 157,
    "fields": {
        "arquivo": 5,
        "fitid": "69cefaeb-daa3-4b89-a798-ba3507c81cdf",
        "data": "2026-04-02",
        "valor": "110.00",
        "descricao": "Transferência recebida pelo Pix - DOUGLAS FERREIRA GASPAR - •••.801.238-•• - CAIXA ECONOMICA FEDERAL (0104) Agência: 3317 Conta: 583913496-8",
        "tipo": "credit",
        "status": "processado",
        "conta_sugerida": 38,
        "vinculo_por_regra": false,
        "lancamento_criado": 173
    }
},
{
    "model": "core.ofxtransacao",
    "pk": 158,
    "fields": {
        "arquivo": 5,
        "fitid": "69cefc75-331b-416b-9550-1b3e29d21453",
        "data": "2026-04-02",
        "valor": "45.00",
        "descricao": "Transferência recebida pelo Pix - 40.015.601 sebastiao valdecir do nascimento - 40.015.601/0001-92 - BCO C6 S.A. (0336) Agência: 1 Conta: 22376916-9",
        "tipo": "credit",
        "status": "processado",
        "conta_sugerida": 38,
        "vinculo_por_regra": false,
        "lancamento_criado": 173
    }
},
{
    "model": "core.ofxtransacao",
    "pk": 159,
    "fields": {
        "arquivo": 5,
        "fitid": "69cf00ca-3726-4a88-86ac-fb83c47be7ed",
        "data": "2026-04-02",
        "valor": "-155.00",
        "descricao": "Transferência enviada pelo Pix - Márcia Cecília Baqueta (Transferência enviada)",
        "tipo": "debit",
        "status": "processado",
        "conta_sugerida": 38,
        "vinculo_por_regra": false,
        "lancamento_criado": 173
    }
},
{
    "model": "core.ofxtransacao",
    "pk": 160,
    "fields": {
        "arquivo": 5,
        "fitid": "69cf0595-5ce1-4e74-b4af-818f649a701c",
        "data": "2026-04-02",
        "valor": "-25.00",
        "descricao": "Transferência enviada pelo Pix - Clayton Lopes Moura (Transferência enviada)",
        "tipo": "debit",
        "status": "processado",
        "conta_sugerida": 6,
        "vinculo_por_regra": true,
        "lancamento_criado": 174
    }
},
{
    "model": "core.ofxtransacao",
    "pk": 161,
    "fields": {
        "arquivo": 5,
        "fitid": "69d0d402-8f93-4ad6-b87d-787c2a5e892d",
        "data": "2026-04-04",
        "valor": "200.00",
        "descricao": "Transferência recebida pelo Pix - ALESSANDRO PEREIRA DA SILVA - •••.887.208-•• - BCO BRADESCO S.A. (0237) Agência: 156 Conta: 571264-5",
        "tipo": "credit",
        "status": "ignorado",
        "conta_sugerida": null,
        "vinculo_por_regra": false,
        "lancamento_criado": null
    }
},
{
    "model": "core.ofxtransacao",
    "pk": 162,
    "fields": {
        "arquivo": 5,
        "fitid": "69d193cf-92c7-4610-b2f1-b4c74ee3dc18",
        "data": "2026-04-04",
        "valor": "-25.00",
        "descricao": "Compra no débito - BAR E LANCHES ERNESTO",
        "tipo": "debit",
        "status": "processado",
        "conta_sugerida": 29,
        "vinculo_por_regra": false,
        "lancamento_criado": 165
    }
},
{
    "model": "core.ofxtransacao",
    "pk": 163,
    "fields": {
        "arquivo": 5,
        "fitid": "69d3f74d-6656-414a-b100-040ca8e13851",
        "data": "2026-04-06",
        "valor": "-19.00",
        "descricao": "Compra no débito - 3TORRES COP LTDA",
        "tipo": "debit",
        "status": "processado",
        "conta_sugerida": 29,
        "vinculo_por_regra": false,
        "lancamento_criado": 165
    }
},
{
    "model": "core.ofxtransacao",
    "pk": 164,
    "fields": {
        "arquivo": 5,
        "fitid": "69d65a2c-da28-4922-a74b-63d73a0c7ae7",
        "data": "2026-04-08",
        "valor": "24000.00",
        "descricao": "Transferência recebida pelo Pix - DOUGLAS FERREIRA GASPAR - •••.801.238-•• - CAIXA ECONOMICA FEDERAL (0104) Agência: 3317 Conta: 583913496-8",
        "tipo": "credit",
        "status": "processado",
        "conta_sugerida": 39,
        "vinculo_por_regra": false,
        "lancamento_criado": 175
    }
},
{
    "model": "core.ofxtransacao",
    "pk": 165,
    "fields": {
        "arquivo": 5,
        "fitid": "69d67822-9d17-44f9-b934-752e47c544ce",
        "data": "2026-04-08",
        "valor": "-24000.00",
        "descricao": "Transferência enviada pelo Pix - Billy distribuidora de veículos ltda - 13.350.763/0001-04 - BCO SANTANDER (BRASIL) S.A. (0033) Agência: 3689 Conta: 13006408-2",
        "tipo": "debit",
        "status": "processado",
        "conta_sugerida": 36,
        "vinculo_por_regra": false,
        "lancamento_criado": 170
    }
},
{
    "model": "core.ofxtransacao",
    "pk": 166,
    "fields": {
        "arquivo": 5,
        "fitid": "69d67a58-46b4-4e97-8764-e2c1a7113205",
        "data": "2026-04-08",
        "valor": "7000.00",
        "descricao": "Resgate RDB",
        "tipo": "credit",
        "status": "processado",
        "conta_sugerida": 45,
        "vinculo_por_regra": false,
        "lancamento_criado": 182
    }
},
{
    "model": "core.ofxtransacao",
    "pk": 167,
    "fields": {
        "arquivo": 5,
        "fitid": "69d68427-fe12-43f3-a011-cd3c1de9f418",
        "data": "2026-04-08",
        "valor": "-52.00",
        "descricao": "Compra no débito - MC DONALDS DDM",
        "tipo": "debit",
        "status": "processado",
        "conta_sugerida": 30,
        "vinculo_por_regra": false,
        "lancamento_criado": 163
    }
},
{
    "model": "core.ofxtransacao",
    "pk": 168,
    "fields": {
        "arquivo": 5,
        "fitid": "69da2162-27c4-486c-9297-a229fd735365",
        "data": "2026-04-11",
        "valor": "-2.00",
        "descricao": "Compra no débito - LagoAracoiaba",
        "tipo": "debit",
        "status": "processado",
        "conta_sugerida": 43,
        "vinculo_por_regra": false,
        "lancamento_criado": 180
    }
},
{
    "model": "core.ofxtransacao",
    "pk": 169,
    "fields": {
        "arquivo": 5,
        "fitid": "69da387e-f39e-4b85-94a7-ba45024e804b",
        "data": "2026-04-11",
        "valor": "-32.00",
        "descricao": "Compra no débito - MP *RASTRODASERPE",
        "tipo": "debit",
        "status": "processado",
        "conta_sugerida": 43,
        "vinculo_por_regra": false,
        "lancamento_criado": 180
    }
},
{
    "model": "core.ofxtransacao",
    "pk": 170,
    "fields": {
        "arquivo": 5,
        "fitid": "69da482e-0afd-48a6-b44c-af6500650513",
        "data": "2026-04-11",
        "valor": "-32.00",
        "descricao": "Transferência enviada pelo Pix - BRUNO GERALDO ZUCONI - 46.936.402/0001-01 - STONE IP S.A. (0197) Agência: 1 Conta: 37538341-1",
        "tipo": "debit",
        "status": "processado",
        "conta_sugerida": 43,
        "vinculo_por_regra": false,
        "lancamento_criado": 180
    }
},
{
    "model": "core.ofxtransacao",
    "pk": 171,
    "fields": {
        "arquivo": 5,
        "fitid": "69daa7d4-a491-43bd-926d-b8ec6d3d4ae5",
        "data": "2026-04-11",
        "valor": "-76.56",
        "descricao": "Compra no débito - FAMILIA KUAS ALIMENT",
        "tipo": "debit",
        "status": "processado",
        "conta_sugerida": 43,
        "vinculo_por_regra": false,
        "lancamento_criado": 180
    }
},
{
    "model": "core.ofxtransacao",
    "pk": 172,
    "fields": {
        "arquivo": 5,
        "fitid": "69dbaafe-c63c-4738-b2d0-a47919524e1a",
        "data": "2026-04-12",
        "valor": "-51.00",
        "descricao": "Compra no débito - SidneiFerreiraDe",
        "tipo": "debit",
        "status": "processado",
        "conta_sugerida": 43,
        "vinculo_por_regra": false,
        "lancamento_criado": 180
    }
},
{
    "model": "core.ofxtransacao",
    "pk": 173,
    "fields": {
        "arquivo": 5,
        "fitid": "69dbd3e9-a719-47f7-837a-cc060ff2ab7e",
        "data": "2026-04-12",
        "valor": "-2.15",
        "descricao": "Compra no débito - PISTA 6",
        "tipo": "debit",
        "status": "processado",
        "conta_sugerida": 43,
        "vinculo_por_regra": false,
        "lancamento_criado": 180
    }
},
{
    "model": "core.ofxtransacao",
    "pk": 174,
    "fields": {
        "arquivo": 5,
        "fitid": "69dbe3ad-870d-4990-8996-660db5b0bd8d",
        "data": "2026-04-12",
        "valor": "-2.15",
        "descricao": "Compra no débito - PISTA 5",
        "tipo": "debit",
        "status": "processado",
        "conta_sugerida": 43,
        "vinculo_por_regra": false,
        "lancamento_criado": 180
    }
},
{
    "model": "core.ofxtransacao",
    "pk": 175,
    "fields": {
        "arquivo": 5,
        "fitid": "69dbec95-7e23-449d-aff6-eb65773442da",
        "data": "2026-04-12",
        "valor": "-7.00",
        "descricao": "Compra no débito - CHURRASCARIA E HOTEL",
        "tipo": "debit",
        "status": "processado",
        "conta_sugerida": 43,
        "vinculo_por_regra": false,
        "lancamento_criado": 180
    }
},
{
    "model": "core.ofxtransacao",
    "pk": 176,
    "fields": {
        "arquivo": 5,
        "fitid": "69dbf1d6-02b9-4c3d-8e54-9727a6a0cce7",
        "data": "2026-04-12",
        "valor": "-2.15",
        "descricao": "Compra no débito - PISTA 4",
        "tipo": "debit",
        "status": "processado",
        "conta_sugerida": 43,
        "vinculo_por_regra": false,
        "lancamento_criado": 180
    }
},
{
    "model": "core.ofxtransacao",
    "pk": 177,
    "fields": {
        "arquivo": 5,
        "fitid": "69dbfa3c-2d88-41a7-8794-dbf6b2c8111d",
        "data": "2026-04-12",
        "valor": "-2.15",
        "descricao": "Compra no débito - PISTA 3",
        "tipo": "debit",
        "status": "processado",
        "conta_sugerida": 43,
        "vinculo_por_regra": false,
        "lancamento_criado": 180
    }
},
{
    "model": "core.ofxtransacao",
    "pk": 178,
    "fields": {
        "arquivo": 5,
        "fitid": "69dd608d-a753-4b66-98c4-de090c651498",
        "data": "2026-04-13",
        "valor": "-96.92",
        "descricao": "Transferência enviada pelo Pix - REDE NUTRI COMERCIO - 49.644.473/0006-25 - CIELO IP S.A. (0362) Agência: 1 Conta: 10000231615-0",
        "tipo": "debit",
        "status": "processado",
        "conta_sugerida": 31,
        "vinculo_por_regra": false,
        "lancamento_criado": 167
    }
},
{
    "model": "core.ofxtransacao",
    "pk": 179,
    "fields": {
        "arquivo": 5,
        "fitid": "69dd7f48-6d45-4b47-931a-c7592762c874",
        "data": "2026-04-13",
        "valor": "-4.40",
        "descricao": "Compra no débito - ME MARKET COMERCIO DE",
        "tipo": "debit",
        "status": "processado",
        "conta_sugerida": 29,
        "vinculo_por_regra": false,
        "lancamento_criado": 165
    }
},
{
    "model": "core.ofxtransacao",
    "pk": 180,
    "fields": {
        "arquivo": 5,
        "fitid": "69de4a3d-5a5f-4fd8-bf08-440d95c12f13",
        "data": "2026-04-14",
        "valor": "-30.25",
        "descricao": "Transferência enviada pelo Pix - a.v da silva comercio em geral - 59.116.219/0001-01 - PAGSEGURO INTERNET IP S.A. (0290) Agência: 1 Conta: 79337833-2",
        "tipo": "debit",
        "status": "processado",
        "conta_sugerida": 29,
        "vinculo_por_regra": false,
        "lancamento_criado": 165
    }
},
{
    "model": "core.ofxtransacao",
    "pk": 181,
    "fields": {
        "arquivo": 5,
        "fitid": "69de54b9-7234-4df0-9517-499401555fe8",
        "data": "2026-04-14",
        "valor": "-285.00",
        "descricao": "Transferência enviada pelo Pix - Jose Leonardo Vieira Neto (Transferência enviada)",
        "tipo": "debit",
        "status": "processado",
        "conta_sugerida": 40,
        "vinculo_por_regra": false,
        "lancamento_criado": 176
    }
},
{
    "model": "core.ofxtransacao",
    "pk": 182,
    "fields": {
        "arquivo": 5,
        "fitid": "69de7213-c3b7-4a89-9325-c7943621b6f3",
        "data": "2026-04-14",
        "valor": "-40.00",
        "descricao": "Compra no débito - NOVA PODEROSA RESTAURA",
        "tipo": "debit",
        "status": "processado",
        "conta_sugerida": 37,
        "vinculo_por_regra": false,
        "lancamento_criado": 172
    }
},
{
    "model": "core.ofxtransacao",
    "pk": 183,
    "fields": {
        "arquivo": 5,
        "fitid": "69de77a8-ddc5-4b81-8fd8-b974db5a6a56",
        "data": "2026-04-14",
        "valor": "-74.96",
        "descricao": "Compra no débito - SACOLAO DO ALEMAO",
        "tipo": "debit",
        "status": "processado",
        "conta_sugerida": 31,
        "vinculo_por_regra": false,
        "lancamento_criado": 167
    }
},
{
    "model": "core.ofxtransacao",
    "pk": 184,
    "fields": {
        "arquivo": 5,
        "fitid": "69df86fb-00f3-4b4f-a7f8-196b9c40dddb",
        "data": "2026-04-15",
        "valor": "-509.77",
        "descricao": "Pagamento de boleto efetuado - CONDOMINIO CLUBE VIVAVITA",
        "tipo": "debit",
        "status": "processado",
        "conta_sugerida": 16,
        "vinculo_por_regra": false,
        "lancamento_criado": 178
    }
},
{
    "model": "core.ofxtransacao",
    "pk": 185,
    "fields": {
        "arquivo": 5,
        "fitid": "69df87af-649e-41b3-9907-632f554fdfa6",
        "data": "2026-04-15",
        "valor": "-2962.71",
        "descricao": "Pagamento de fatura",
        "tipo": "debit",
        "status": "processado",
        "conta_sugerida": 8,
        "vinculo_por_regra": false,
        "lancamento_criado": 144
    }
},
{
    "model": "core.ofxtransacao",
    "pk": 186,
    "fields": {
        "arquivo": 5,
        "fitid": "69df8ad2-3552-438d-8817-e2ebc337ce94",
        "data": "2026-04-15",
        "valor": "-260.74",
        "descricao": "Transferência enviada pelo Pix - ENEL DISTRIBUICAO SAO PAULO - 61.695.227/0001-93 - ITAÚ UNIBANCO S.A. (0341) Agência: 911 Conta: 4486-5",
        "tipo": "debit",
        "status": "processado",
        "conta_sugerida": 4,
        "vinculo_por_regra": false,
        "lancamento_criado": 145
    }
},
{
    "model": "core.ofxtransacao",
    "pk": 187,
    "fields": {
        "arquivo": 5,
        "fitid": "69df8c9f-dee8-4fff-b29d-ef90d865bc2b",
        "data": "2026-04-15",
        "valor": "-73.12",
        "descricao": "Transferência enviada pelo Pix - COMPANHIA DE GAS DE SAO PAULO COMGAS - 61.856.571/0001-17 - ITAÚ UNIBANCO S.A. (0341) Agência: 912 Conta: 5534-0",
        "tipo": "debit",
        "status": "processado",
        "conta_sugerida": 3,
        "vinculo_por_regra": false,
        "lancamento_criado": 146
    }
},
{
    "model": "core.ofxtransacao",
    "pk": 188,
    "fields": {
        "arquivo": 5,
        "fitid": "69df92a4-1e11-4c86-905e-d91c6572875d",
        "data": "2026-04-15",
        "valor": "-122.49",
        "descricao": "Transferência enviada pelo Pix - TELEFONICA BRAS - 02.558.157/0001-62 - BCO SANTANDER (BRASIL) S.A. (0033) Agência: 2271 Conta: 13002745-8",
        "tipo": "debit",
        "status": "processado",
        "conta_sugerida": 13,
        "vinculo_por_regra": false,
        "lancamento_criado": 156
    }
},
{
    "model": "core.ofxtransacao",
    "pk": 189,
    "fields": {
        "arquivo": 5,
        "fitid": "69df92e0-e7ac-447e-9b54-fa04e95b2ad2",
        "data": "2026-04-15",
        "valor": "-196.82",
        "descricao": "Transferência enviada pelo Pix - TELEFONICA BRAS - 02.558.157/0001-62 - BCO SANTANDER (BRASIL) S.A. (0033) Agência: 2271 Conta: 13002745-8",
        "tipo": "debit",
        "status": "processado",
        "conta_sugerida": 11,
        "vinculo_por_regra": false,
        "lancamento_criado": 154
    }
},
{
    "model": "core.ofxtransacao",
    "pk": 190,
    "fields": {
        "arquivo": 5,
        "fitid": "69e0f3a1-05fa-4c6b-93a4-cd4bd21eb1ad",
        "data": "2026-04-16",
        "valor": "-15.75",
        "descricao": "Compra no débito - RESTAURANTE JL",
        "tipo": "debit",
        "status": "processado",
        "conta_sugerida": 29,
        "vinculo_por_regra": false,
        "lancamento_criado": 165
    }
},
{
    "model": "core.ofxtransacao",
    "pk": 191,
    "fields": {
        "arquivo": 5,
        "fitid": "69e11fb9-e2ef-4148-94f0-3ad312ae6a2f",
        "data": "2026-04-16",
        "valor": "-70.00",
        "descricao": "Transferência enviada pelo Pix - BRUNO GOUVEA DE SALES 33126031889 - 25.998.490/0001-98 - PAGSEGURO INTERNET IP S.A. (0290) Agência: 1 Conta: 40078805-5",
        "tipo": "debit",
        "status": "processado",
        "conta_sugerida": 34,
        "vinculo_por_regra": false,
        "lancamento_criado": 177
    }
},
{
    "model": "core.ofxtransacao",
    "pk": 192,
    "fields": {
        "arquivo": 5,
        "fitid": "69e13889-a3f5-44be-ab5e-eba27ddc3401",
        "data": "2026-04-16",
        "valor": "-32.45",
        "descricao": "Transferência enviada pelo Pix - Keeta",
        "tipo": "debit",
        "status": "processado",
        "conta_sugerida": 37,
        "vinculo_por_regra": false,
        "lancamento_criado": 172
    }
},
{
    "model": "core.ofxtransacao",
    "pk": 193,
    "fields": {
        "arquivo": 5,
        "fitid": "69e1647c-dc84-4528-b580-be10a8fa5cbd",
        "data": "2026-04-16",
        "valor": "-29.25",
        "descricao": "Compra no débito - MERCADO JD ROSINHA",
        "tipo": "debit",
        "status": "processado",
        "conta_sugerida": 29,
        "vinculo_por_regra": false,
        "lancamento_criado": 165
    }
},
{
    "model": "core.ofxtransacao",
    "pk": 194,
    "fields": {
        "arquivo": 5,
        "fitid": "69e16728-e2f4-4e45-8892-6d95a4b168d7",
        "data": "2026-04-16",
        "valor": "-200.00",
        "descricao": "Compra no débito - Joseleonardo",
        "tipo": "debit",
        "status": "processado",
        "conta_sugerida": 30,
        "vinculo_por_regra": false,
        "lancamento_criado": 163
    }
},
{
    "model": "core.ofxtransacao",
    "pk": 195,
    "fields": {
        "arquivo": 5,
        "fitid": "69e19d20-e360-4316-9866-549edb91fa33",
        "data": "2026-04-16",
        "valor": "-15.00",
        "descricao": "Compra no débito - MP *VIKINGS",
        "tipo": "debit",
        "status": "processado",
        "conta_sugerida": 30,
        "vinculo_por_regra": false,
        "lancamento_criado": 163
    }
},
{
    "model": "core.ofxtransacao",
    "pk": 196,
    "fields": {
        "arquivo": 5,
        "fitid": "69e2875c-1a3b-4464-89e5-611a9cb37a49",
        "data": "2026-04-17",
        "valor": "-360.00",
        "descricao": "Compra no débito - HYUNDAI DIADEMA",
        "tipo": "debit",
        "status": "processado",
        "conta_sugerida": 41,
        "vinculo_por_regra": false,
        "lancamento_criado": 179
    }
},
{
    "model": "core.ofxtransacao",
    "pk": 197,
    "fields": {
        "arquivo": 5,
        "fitid": "69e2c0d9-294f-4bef-954b-9b98f066ea15",
        "data": "2026-04-17",
        "valor": "-12.00",
        "descricao": "Compra no débito - Joseleonardo",
        "tipo": "debit",
        "status": "processado",
        "conta_sugerida": 30,
        "vinculo_por_regra": false,
        "lancamento_criado": 163
    }
},
{
    "model": "core.ofxtransacao",
    "pk": 198,
    "fields": {
        "arquivo": 5,
        "fitid": "69e2cc35-383b-4baf-b580-940f4cef9167",
        "data": "2026-04-17",
        "valor": "-30.35",
        "descricao": "Compra no débito - DROGASIL4232",
        "tipo": "debit",
        "status": "processado",
        "conta_sugerida": 32,
        "vinculo_por_regra": false,
        "lancamento_criado": 166
    }
},
{
    "model": "core.ofxtransacao",
    "pk": 199,
    "fields": {
        "arquivo": 5,
        "fitid": "69e2cd69-c64c-4922-90f5-9367bcb6b573",
        "data": "2026-04-17",
        "valor": "-29.25",
        "descricao": "Compra no débito - AutoPostoKinta",
        "tipo": "debit",
        "status": "processado",
        "conta_sugerida": 29,
        "vinculo_por_regra": false,
        "lancamento_criado": 165
    }
},
{
    "model": "core.ofxtransacao",
    "pk": 200,
    "fields": {
        "arquivo": 5,
        "fitid": "69e2cfdd-0699-4df8-a9c6-f1b61d078e5d",
        "data": "2026-04-17",
        "valor": "-24.00",
        "descricao": "Compra no débito - A GUIADOSOL MC",
        "tipo": "debit",
        "status": "processado",
        "conta_sugerida": 30,
        "vinculo_por_regra": false,
        "lancamento_criado": 163
    }
},
{
    "model": "core.ofxtransacao",
    "pk": 201,
    "fields": {
        "arquivo": 5,
        "fitid": "69e395dd-9254-4c3f-b6ab-d277034e9b8f",
        "data": "2026-04-18",
        "valor": "-63.45",
        "descricao": "Compra no débito - ICE SNACKS LTDA",
        "tipo": "debit",
        "status": "processado",
        "conta_sugerida": 30,
        "vinculo_por_regra": false,
        "lancamento_criado": 163
    }
},
{
    "model": "core.ofxtransacao",
    "pk": 202,
    "fields": {
        "arquivo": 5,
        "fitid": "69e3a181-e0e6-47bc-ab8c-26b482cc6611",
        "data": "2026-04-18",
        "valor": "-99.95",
        "descricao": "Compra no débito - PETZ DIADEMA",
        "tipo": "debit",
        "status": "processado",
        "conta_sugerida": 44,
        "vinculo_por_regra": false,
        "lancamento_criado": 181
    }
},
{
    "model": "core.ofxtransacao",
    "pk": 203,
    "fields": {
        "arquivo": 5,
        "fitid": "69e40269-abc2-4cf9-ba64-6cee6e9c4d71",
        "data": "2026-04-18",
        "valor": "-81.81",
        "descricao": "Transferência enviada pelo Pix - Keeta",
        "tipo": "debit",
        "status": "processado",
        "conta_sugerida": 37,
        "vinculo_por_regra": false,
        "lancamento_criado": 172
    }
},
{
    "model": "core.ofxtransacao",
    "pk": 204,
    "fields": {
        "arquivo": 5,
        "fitid": "69e40509-1253-400c-ace5-54184da53e06",
        "data": "2026-04-18",
        "valor": "-60.00",
        "descricao": "Transferência enviada pelo Pix - Everson Silva dos Santos (Transferência enviada)",
        "tipo": "debit",
        "status": "processado",
        "conta_sugerida": 29,
        "vinculo_por_regra": false,
        "lancamento_criado": 165
    }
},
{
    "model": "core.ofxtransacao",
    "pk": 205,
    "fields": {
        "arquivo": 5,
        "fitid": "69e4ce60-5098-479b-9b7f-8b88b1107bbd",
        "data": "2026-04-19",
        "valor": "-56.96",
        "descricao": "Transferência enviada pelo Pix - NOBREGA PAES E DOCES LTDA - 32.709.894/0001-80 - ITAÚ UNIBANCO S.A. (0341) Agência: 7243 Conta: 99323-0",
        "tipo": "debit",
        "status": "processado",
        "conta_sugerida": 29,
        "vinculo_por_regra": true,
        "lancamento_criado": 165
    }
},
{
    "model": "core.ofxtransacao",
    "pk": 206,
    "fields": {
        "arquivo": 5,
        "fitid": "69e52c32-4c4c-4cb4-85a1-df821f8db398",
        "data": "2026-04-19",
        "valor": "-51.00",
        "descricao": "Transferência enviada pelo Pix - JOSE LEONARDO VIEIRA NETO - •••.607.568-•• - PAGSEGURO INTERNET IP S.A. (0290) Agência: 1 Conta: 53918892-0",
        "tipo": "debit",
        "status": "processado",
        "conta_sugerida": 30,
        "vinculo_por_regra": false,
        "lancamento_criado": 163
    }
},
{
    "model": "core.ofxtransacao",
    "pk": 207,
    "fields": {
        "arquivo": 5,
        "fitid": "69e540ac-72a0-423f-82fa-0c3dadab5438",
        "data": "2026-04-19",
        "valor": "-38.01",
        "descricao": "Transferência enviada pelo Pix - RAIA DROGASIL SA - 61.585.865/0606-42 - BCO SANTANDER (BRASIL) S.A. (0033) Agência: 2271 Conta: 13023388-0",
        "tipo": "debit",
        "status": "processado",
        "conta_sugerida": 32,
        "vinculo_por_regra": true,
        "lancamento_criado": 166
    }
},
{
    "model": "core.ofxtransacao",
    "pk": 208,
    "fields": {
        "arquivo": 5,
        "fitid": "69e5423f-5c7b-455e-be6a-c0598969b533",
        "data": "2026-04-19",
        "valor": "-8.99",
        "descricao": "Transferência enviada pelo Pix - MERCADO DUVAL - 20.460.380/0001-54 - ITAÚ UNIBANCO S.A. (0341) Agência: 7243 Conta: 12214-5",
        "tipo": "debit",
        "status": "processado",
        "conta_sugerida": 29,
        "vinculo_por_regra": false,
        "lancamento_criado": 165
    }
},
{
    "model": "core.ofxtransacao",
    "pk": 209,
    "fields": {
        "arquivo": 5,
        "fitid": "69e55298-773c-44a4-87f2-6757f96c8884",
        "data": "2026-04-19",
        "valor": "68.50",
        "descricao": "Transferência recebida pelo Pix - GEOVANI SILVA DA COSTA - •••.387.608-•• - BCO SANTANDER (BRASIL) S.A. (0033) Agência: 142 Conta: 1069443-2",
        "tipo": "credit",
        "status": "processado",
        "conta_sugerida": 29,
        "vinculo_por_regra": false,
        "lancamento_criado": 165
    }
},
{
    "model": "core.ofxtransacao",
    "pk": 210,
    "fields": {
        "arquivo": 5,
        "fitid": "69e55d87-d049-471b-a827-c9e8f98abe74",
        "data": "2026-04-19",
        "valor": "-15.00",
        "descricao": "Transferência enviada pelo Pix - MARCUS VINICIUS LACERDA DE JESUS SOUSA (Transferência enviada)",
        "tipo": "debit",
        "status": "processado",
        "conta_sugerida": 29,
        "vinculo_por_regra": false,
        "lancamento_criado": 165
    }
},
{
    "model": "core.ofxtransacao",
    "pk": 211,
    "fields": {
        "arquivo": 5,
        "fitid": "69e62ddc-d48d-4f26-b4ba-d695eb037847",
        "data": "2026-04-20",
        "valor": "-29.12",
        "descricao": "Transferência enviada pelo Pix - SMART HOME COMERCIO E LOCACAO DE EQUIPAMENTOS SA (Transferência enviada)",
        "tipo": "debit",
        "status": "processado",
        "conta_sugerida": 29,
        "vinculo_por_regra": false,
        "lancamento_criado": 165
    }
},
{
    "model": "core.ofxtransacao",
    "pk": 212,
    "fields": {
        "arquivo": 5,
        "fitid": "69e63804-4b41-4865-8c1c-55edcb6741e6",
        "data": "2026-04-20",
        "valor": "-25.16",
        "descricao": "Transferência enviada pelo Pix - SMART HOME COMERCIO E LOCACAO DE EQUIPAMENTOS SA (Transferência enviada)",
        "tipo": "debit",
        "status": "processado",
        "conta_sugerida": 29,
        "vinculo_por_regra": false,
        "lancamento_criado": 165
    }
},
{
    "model": "core.ofxtransacao",
    "pk": 213,
    "fields": {
        "arquivo": 5,
        "fitid": "69e6488f-4622-46fd-94d4-5da73e0c51bd",
        "data": "2026-04-20",
        "valor": "-139.69",
        "descricao": "Compra no débito - COOP",
        "tipo": "debit",
        "status": "processado",
        "conta_sugerida": 31,
        "vinculo_por_regra": false,
        "lancamento_criado": 167
    }
},
{
    "model": "core.ofxtransacao",
    "pk": 214,
    "fields": {
        "arquivo": 5,
        "fitid": "69e76287-b76e-4eec-8d11-e969107f1ed4",
        "data": "2026-04-21",
        "valor": "-12.00",
        "descricao": "Transferência enviada pelo Pix - BANLEK SERVICOS AUDIOVISUAIS LTDA - 34.299.202/0001-06 - ASAAS IP S.A. (0461) Agência: 1 Conta: 6321818-4",
        "tipo": "debit",
        "status": "processado",
        "conta_sugerida": 29,
        "vinculo_por_regra": false,
        "lancamento_criado": 165
    }
},
{
    "model": "core.ofxtransacao",
    "pk": 215,
    "fields": {
        "arquivo": 5,
        "fitid": "69e8da41-7dd2-45d8-a01d-3910b949dc72",
        "data": "2026-04-22",
        "valor": "-42.29",
        "descricao": "Transferência enviada pelo Pix - Keeta",
        "tipo": "debit",
        "status": "processado",
        "conta_sugerida": 37,
        "vinculo_por_regra": false,
        "lancamento_criado": 172
    }
},
{
    "model": "core.ofxtransacao",
    "pk": 216,
    "fields": {
        "arquivo": 5,
        "fitid": "69ea188a-8f2b-4b65-a9eb-69b36f4a8de2",
        "data": "2026-04-23",
        "valor": "-14.56",
        "descricao": "Transferência enviada pelo Pix - SMART HOME COMERCIO E LOCACAO DE EQUIPAMENTOS SA (Transferência enviada)",
        "tipo": "debit",
        "status": "processado",
        "conta_sugerida": 29,
        "vinculo_por_regra": false,
        "lancamento_criado": 165
    }
},
{
    "model": "core.ofxtransacao",
    "pk": 217,
    "fields": {
        "arquivo": 5,
        "fitid": "69ea222e-f266-40e4-acce-16039b2698cd",
        "data": "2026-04-23",
        "valor": "-25.16",
        "descricao": "Transferência enviada pelo Pix - SMART HOME COMERCIO E LOCACAO DE EQUIPAMENTOS SA (Transferência enviada)",
        "tipo": "debit",
        "status": "processado",
        "conta_sugerida": 29,
        "vinculo_por_regra": false,
        "lancamento_criado": 165
    }
},
{
    "model": "core.ofxtransacao",
    "pk": 218,
    "fields": {
        "arquivo": 5,
        "fitid": "69ea9be2-a850-4405-ba03-df0909b4dda3",
        "data": "2026-04-23",
        "valor": "-24.00",
        "descricao": "Transferência enviada pelo Pix - JOSE LEONARDO VIEIRA NETO - •••.607.568-•• - PAGSEGURO INTERNET IP S.A. (0290) Agência: 1 Conta: 53918892-0",
        "tipo": "debit",
        "status": "processado",
        "conta_sugerida": 30,
        "vinculo_por_regra": false,
        "lancamento_criado": 163
    }
},
{
    "model": "core.ofxtransacao",
    "pk": 219,
    "fields": {
        "arquivo": 5,
        "fitid": "69eaa72f-1a0f-43af-9ecd-6a9dfd622577",
        "data": "2026-04-23",
        "valor": "-31.03",
        "descricao": "Transferência enviada pelo Pix - MERCADO JARDIM ROSINHA COMERCIO DE PRODUTOS ALIMENTICIOS LTDA - 09.588.053/0001-40 - ITAÚ UNIBANCO S.A. (0341) Agência: 7243 Conta: 99536-7",
        "tipo": "debit",
        "status": "processado",
        "conta_sugerida": 29,
        "vinculo_por_regra": false,
        "lancamento_criado": 165
    }
},
{
    "model": "core.ofxtransacao",
    "pk": 220,
    "fields": {
        "arquivo": 5,
        "fitid": "69eb953e-542b-4b91-b5af-a4c3b8749732",
        "data": "2026-04-24",
        "valor": "-35.99",
        "descricao": "Transferência enviada pelo Pix - Keeta",
        "tipo": "debit",
        "status": "processado",
        "conta_sugerida": 37,
        "vinculo_por_regra": false,
        "lancamento_criado": 172
    }
},
{
    "model": "core.ofxtransacao",
    "pk": 221,
    "fields": {
        "arquivo": 5,
        "fitid": "69ebd751-5ccc-4947-8e63-0f859b8ded7f",
        "data": "2026-04-24",
        "valor": "-60.60",
        "descricao": "Transferência enviada pelo Pix - FARMA CONDE S/A - 71.605.265/0028-81 - ITAÚ UNIBANCO S.A. (0341) Agência: 3197 Conta: 45841-1",
        "tipo": "debit",
        "status": "processado",
        "conta_sugerida": 32,
        "vinculo_por_regra": false,
        "lancamento_criado": 166
    }
},
{
    "model": "core.ofxtransacao",
    "pk": 222,
    "fields": {
        "arquivo": 5,
        "fitid": "69ebda4f-305a-4bd9-9bf9-237c67911fa0",
        "data": "2026-04-24",
        "valor": "-10.00",
        "descricao": "Transferência enviada pelo Pix - Maria Jose Prudente da Silva - •••.445.748-•• - MERCADO PAGO IP LTDA. (0323) Agência: 1 Conta: 3384399482-3",
        "tipo": "debit",
        "status": "processado",
        "conta_sugerida": 29,
        "vinculo_por_regra": false,
        "lancamento_criado": 165
    }
},
{
    "model": "core.ofxtransacao",
    "pk": 223,
    "fields": {
        "arquivo": 5,
        "fitid": "69ebdb26-629c-4f3f-88bf-eefa0a44adc0",
        "data": "2026-04-24",
        "valor": "-39.00",
        "descricao": "Transferência enviada pelo Pix - a.v da silva comercio em geral - 59.116.219/0001-01 - PAGSEGURO INTERNET IP S.A. (0290) Agência: 1 Conta: 79337833-2",
        "tipo": "debit",
        "status": "processado",
        "conta_sugerida": 29,
        "vinculo_por_regra": false,
        "lancamento_criado": 165
    }
},
{
    "model": "core.ofxtransacao",
    "pk": 224,
    "fields": {
        "arquivo": 5,
        "fitid": "69ecdbb6-6c28-4394-99be-41693912d381",
        "data": "2026-04-25",
        "valor": "-6.90",
        "descricao": "Transferência enviada pelo Pix - ME MARKET - 48.549.408/0001-43 - MERCADO PAGO IP LTDA. (0323) Agência: 1 Conta: 2193106617-4",
        "tipo": "debit",
        "status": "processado",
        "conta_sugerida": 29,
        "vinculo_por_regra": false,
        "lancamento_criado": 165
    }
},
{
    "model": "core.ofxtransacao",
    "pk": 225,
    "fields": {
        "arquivo": 5,
        "fitid": "69ed1918-3e28-4b7b-81e9-caf4325f6218",
        "data": "2026-04-25",
        "valor": "-30.00",
        "descricao": "Transferência enviada pelo Pix - Márcia Cecília Baqueta (Transferência enviada)",
        "tipo": "debit",
        "status": "processado",
        "conta_sugerida": 38,
        "vinculo_por_regra": false,
        "lancamento_criado": 173
    }
},
{
    "model": "core.ofxtransacao",
    "pk": 226,
    "fields": {
        "arquivo": 5,
        "fitid": "69ee3422-8bd9-41c2-bc9a-22b314c6e6ac",
        "data": "2026-04-26",
        "valor": "-320.00",
        "descricao": "Transferência enviada pelo Pix - ANDRE LUIZ GONCALVES (Transferência enviada)",
        "tipo": "debit",
        "status": "processado",
        "conta_sugerida": 29,
        "vinculo_por_regra": false,
        "lancamento_criado": 165
    }
},
{
    "model": "core.ofxtransacao",
    "pk": 227,
    "fields": {
        "arquivo": 5,
        "fitid": "69ee394f-d5ea-4263-b585-b11c30bbc70e",
        "data": "2026-04-26",
        "valor": "-34.04",
        "descricao": "Transferência enviada pelo Pix - RAIA DROGASIL SA - 61.585.865/0606-42 - BCO SANTANDER (BRASIL) S.A. (0033) Agência: 2271 Conta: 13023388-0",
        "tipo": "debit",
        "status": "processado",
        "conta_sugerida": 32,
        "vinculo_por_regra": true,
        "lancamento_criado": 166
    }
},
{
    "model": "core.ofxtransacao",
    "pk": 228,
    "fields": {
        "arquivo": 5,
        "fitid": "69ee7568-219c-4aa3-a64a-04b5ae0d11b7",
        "data": "2026-04-26",
        "valor": "-16.21",
        "descricao": "Compra no débito - THE BEST ACAI PRACA DA",
        "tipo": "debit",
        "status": "processado",
        "conta_sugerida": 30,
        "vinculo_por_regra": false,
        "lancamento_criado": 163
    }
},
{
    "model": "core.ofxtransacao",
    "pk": 229,
    "fields": {
        "arquivo": 5,
        "fitid": "69ee7878-a505-4e54-ac0f-594832a6da2a",
        "data": "2026-04-26",
        "valor": "-9.23",
        "descricao": "Compra no débito - THE BEST ACAI PRACA DA",
        "tipo": "debit",
        "status": "processado",
        "conta_sugerida": 30,
        "vinculo_por_regra": false,
        "lancamento_criado": 163
    }
},
{
    "model": "core.ofxtransacao",
    "pk": 230,
    "fields": {
        "arquivo": 5,
        "fitid": "69ee7a1d-839f-45c1-96a8-d452761c7ecf",
        "data": "2026-04-26",
        "valor": "-21.50",
        "descricao": "Compra no débito - POINT CHIC",
        "tipo": "debit",
        "status": "processado",
        "conta_sugerida": 29,
        "vinculo_por_regra": true,
        "lancamento_criado": 165
    }
},
{
    "model": "core.ofxtransacao",
    "pk": 231,
    "fields": {
        "arquivo": 5,
        "fitid": "69efd61e-9a84-42cd-95b7-0983f9e0c8c2",
        "data": "2026-04-27",
        "valor": "-37.40",
        "descricao": "Transferência enviada pelo Pix por aproximação",
        "tipo": "debit",
        "status": "processado",
        "conta_sugerida": 29,
        "vinculo_por_regra": false,
        "lancamento_criado": 165
    }
},
{
    "model": "core.ofxtransacao",
    "pk": 232,
    "fields": {
        "arquivo": 5,
        "fitid": "69f0ac9c-31cd-41f5-809d-c0d0251f71a9",
        "data": "2026-04-28",
        "valor": "-5.00",
        "descricao": "Transferência enviada pelo Pix - Meyre Massoni Baqueta da Silva (Transferência enviada)",
        "tipo": "debit",
        "status": "ignorado",
        "conta_sugerida": null,
        "vinculo_por_regra": false,
        "lancamento_criado": null
    }
},
{
    "model": "core.produtogarantia",
    "pk": 1,
    "fields": {
        "nome": "HB20",
        "data_aquisicao": "2026-04-09",
        "valor": "1139990.00",
        "tempo_garantia": 5,
        "unidade_garantia": "anos",
        "nota_fiscal": "produtos/2026/04-abril/hb20_nfe.xml",
        "contrato_garantia": "",
        "lancamento": null,
        "parcelamento": 4
    }
}
]
